{
 "ours_6000": {
  "SSIM": 0.9689235687255859,
  "PSNR": 39.292747497558594,
  "PSNR*": 37.86533737182617,
  "LPIPS": 0.033872708678245544,
  "FLIP": 0.040233198553323746,
  "RMSE": 1.384348682997119
 }
}