{
 "summary": {
  "RPE_mean_px": 9.437045631984715,
  "RPE_median_px": 2.7950010767802933,
  "RPE_median_CI95": [
   2.678378074573653,
   2.890301337560449
  ],
  "RPE_frame0_px": 1.7382697957372342,
  "n_points": 26,
  "n_frames": 151
 },
 "per_frame": [
  [
   0,
   1.7382697957372342
  ],
  [
   1,
   1.740257841542995
  ],
  [
   2,
   1.7124507323282336
  ],
  [
   3,
   1.7084051869201815
  ],
  [
   4,
   1.8591988709917031
  ],
  [
   5,
   1.8985030962526568
  ],
  [
   6,
   1.9422297230799725
  ],
  [
   7,
   2.227376484663951
  ],
  [
   8,
   2.2192089078179187
  ],
  [
   9,
   2.3105217338214366
  ],
  [
   10,
   2.237303311895478
  ],
  [
   11,
   2.310517669452739
  ],
  [
   12,
   2.308938307483637
  ],
  [
   13,
   2.3350677075294275
  ],
  [
   14,
   2.2781298544940727
  ],
  [
   15,
   2.2750603097316535
  ],
  [
   16,
   2.2486661458181616
  ],
  [
   17,
   2.237627557371788
  ],
  [
   18,
   2.298888830304228
  ],
  [
   19,
   2.3131774392483386
  ],
  [
   20,
   2.2642348611304675
  ],
  [
   21,
   2.400263277779434
  ],
  [
   22,
   2.340587693567228
  ],
  [
   23,
   2.3969880961244745
  ],
  [
   24,
   2.422290025143602
  ],
  [
   25,
   2.373188627515534
  ],
  [
   26,
   2.256562307489568
  ],
  [
   27,
   2.3360277121906963
  ],
  [
   28,
   2.353607027713262
  ],
  [
   29,
   2.2260079054180357
  ],
  [
   30,
   2.14126856569074
  ],
  [
   31,
   2.1594500180913117
  ],
  [
   32,
   2.129398823069582
  ],
  [
   33,
   2.0939813085947776
  ],
  [
   34,
   2.0206730856772714
  ],
  [
   35,
   1.9806423267161541
  ],
  [
   36,
   1.9722398463656488
  ],
  [
   37,
   1.9282192056785634
  ],
  [
   38,
   1.9416242402261048
  ],
  [
   39,
   2.01605883048168
  ],
  [
   40,
   1.908239961435141
  ],
  [
   41,
   2.0609626544133457
  ],
  [
   42,
   2.0840561949007084
  ],
  [
   43,
   2.033516911626981
  ],
  [
   44,
   2.318681266157566
  ],
  [
   45,
   2.481627117902249
  ],
  [
   46,
   2.5177600188385183
  ],
  [
   47,
   2.537360582632912
  ],
  [
   48,
   2.4466939868433073
  ],
  [
   49,
   2.5783136777964377
  ],
  [
   50,
   2.5220940512110173
  ],
  [
   51,
   2.4858166363142504
  ],
  [
   52,
   2.5365676994617825
  ],
  [
   53,
   2.532893634624195
  ],
  [
   54,
   2.5084551445277863
  ],
  [
   55,
   2.5225447977603395
  ],
  [
   56,
   2.486599654485509
  ],
  [
   57,
   2.521584899489628
  ],
  [
   58,
   2.585795703696051
  ],
  [
   59,
   2.544585035949393
  ],
  [
   60,
   2.6031361605319345
  ],
  [
   61,
   2.578811299971039
  ],
  [
   62,
   2.460366501237794
  ],
  [
   63,
   2.427590025353825
  ],
  [
   64,
   2.6748319197656802
  ],
  [
   65,
   2.816121472670692
  ],
  [
   66,
   2.9255523835328017
  ],
  [
   67,
   3.1802724036294667
  ],
  [
   68,
   3.4787724003619447
  ],
  [
   69,
   3.6457916729831465
  ],
  [
   70,
   3.9710854298331144
  ],
  [
   71,
   4.613016475385621
  ],
  [
   72,
   5.254388658883983
  ],
  [
   73,
   6.279269185272859
  ],
  [
   74,
   7.620543470200817
  ],
  [
   75,
   8.377726162181277
  ],
  [
   76,
   9.073803710699941
  ],
  [
   77,
   9.680004351187524
  ],
  [
   78,
   10.523987361173436
  ],
  [
   79,
   11.710695642061491
  ],
  [
   80,
   13.036154869811693
  ],
  [
   81,
   14.355676052840506
  ],
  [
   82,
   17.364434168902516
  ],
  [
   83,
   19.381606118565063
  ],
  [
   84,
   20.439151065969092
  ],
  [
   85,
   19.470009647063023
  ],
  [
   86,
   19.597792133256174
  ],
  [
   87,
   19.1064676919198
  ],
  [
   88,
   20.071598501625775
  ],
  [
   89,
   20.49231077486731
  ],
  [
   90,
   20.823553788259378
  ],
  [
   91,
   21.24449684775341
  ],
  [
   92,
   21.360578150929825
  ],
  [
   93,
   21.576876539600875
  ],
  [
   94,
   21.466495595692837
  ],
  [
   95,
   21.465780707588753
  ],
  [
   96,
   21.526053662622996
  ],
  [
   97,
   21.589783506376293
  ],
  [
   98,
   21.36162781446443
  ],
  [
   99,
   21.215288791442948
  ],
  [
   100,
   21.28444116808715
  ],
  [
   101,
   21.169434478215518
  ],
  [
   102,
   20.575052284715557
  ],
  [
   103,
   19.593271605096607
  ],
  [
   104,
   19.307405506598858
  ],
  [
   105,
   19.097794451689364
  ],
  [
   106,
   18.268981044284196
  ],
  [
   107,
   17.638893066131864
  ],
  [
   108,
   17.018026222839534
  ],
  [
   109,
   17.627998422011515
  ],
  [
   110,
   17.548969076049303
  ],
  [
   111,
   17.41845730037546
  ],
  [
   112,
   17.27503127028233
  ],
  [
   113,
   16.87329475967377
  ],
  [
   114,
   16.844739998409185
  ],
  [
   115,
   16.552232367811268
  ],
  [
   116,
   16.458015013147186
  ],
  [
   117,
   16.1428225888733
  ],
  [
   118,
   15.891799079337186
  ],
  [
   119,
   15.962402764644441
  ],
  [
   120,
   15.691381404201335
  ],
  [
   121,
   15.697705717565848
  ],
  [
   122,
   15.290389387807787
  ],
  [
   123,
   14.944628770873633
  ],
  [
   124,
   14.821539429178134
  ],
  [
   125,
   14.531870601606856
  ],
  [
   126,
   14.395141826200964
  ],
  [
   127,
   14.325988098034887
  ],
  [
   128,
   14.34164599119504
  ],
  [
   129,
   14.443159897088865
  ],
  [
   130,
   14.495618641272474
  ],
  [
   131,
   14.485781805540991
  ],
  [
   132,
   14.328871093961883
  ],
  [
   133,
   14.546007041671118
  ],
  [
   134,
   14.44104290595131
  ],
  [
   135,
   14.17951152108454
  ],
  [
   136,
   13.988607067581984
  ],
  [
   137,
   14.037870441352569
  ],
  [
   138,
   14.307744334867476
  ],
  [
   139,
   14.354142471312361
  ],
  [
   140,
   14.28783649019054
  ],
  [
   141,
   14.051275774179992
  ],
  [
   142,
   14.265854276240189
  ],
  [
   143,
   14.179469175472024
  ],
  [
   144,
   14.220946507485495
  ],
  [
   145,
   14.206899628175988
  ],
  [
   146,
   14.084127576611431
  ],
  [
   147,
   14.185413800319386
  ],
  [
   148,
   14.002695067202584
  ],
  [
   149,
   14.025899170311474
  ],
  [
   150,
   14.175601375431382
  ]
 ],
 "per_point_mean": [
  19.74473619800671,
  25.73251875476179,
  23.57751398475454,
  10.407038569955226,
  18.257770543388183,
  27.8191336575858,
  8.606215745584683,
  15.71311242987437,
  6.230974816150847,
  7.683549809566122,
  11.866666726857716,
  1.2802281547182692,
  3.642381305670231,
  11.35444997918165,
  21.516296639891255,
  4.49414929061265,
  2.495580273716945,
  6.487250239071591,
  2.159809946125637,
  2.894136380094314,
  3.035898219336783,
  3.1914202047277596,
  2.1503457313592778,
  1.8064091059974539,
  2.681784827554769,
  1.2450297314952719
 ]
}