{
 "summary": {
  "RPE_mean_px": 10.841584763949845,
  "RPE_median_px": 3.2904991552829204,
  "RPE_median_CI95": [
   3.050111712423758,
   3.5566244406749146
  ],
  "RPE_frame0_px": 1.3624559710452555,
  "n_points": 36,
  "n_frames": 151
 },
 "per_frame": [
  [
   0,
   1.3624559710452555
  ],
  [
   1,
   1.4110841955487836
  ],
  [
   2,
   1.4180829416320364
  ],
  [
   3,
   1.4689272063922698
  ],
  [
   4,
   1.4424204092279085
  ],
  [
   5,
   1.4213175779393774
  ],
  [
   6,
   1.3784555127053644
  ],
  [
   7,
   1.362250616295876
  ],
  [
   8,
   1.3604342545954768
  ],
  [
   9,
   1.401529507936446
  ],
  [
   10,
   1.3972670189907854
  ],
  [
   11,
   1.4738816900124059
  ],
  [
   12,
   1.4762770127172062
  ],
  [
   13,
   1.4788328363121364
  ],
  [
   14,
   1.4632297839267114
  ],
  [
   15,
   1.444215152784037
  ],
  [
   16,
   1.4828774953216985
  ],
  [
   17,
   1.492707500205105
  ],
  [
   18,
   1.4458904413202383
  ],
  [
   19,
   1.4336331778875002
  ],
  [
   20,
   1.4460470589444243
  ],
  [
   21,
   1.4237421355061768
  ],
  [
   22,
   1.48380548102867
  ],
  [
   23,
   1.4973877009839491
  ],
  [
   24,
   1.5501925732141308
  ],
  [
   25,
   1.535858697309605
  ],
  [
   26,
   1.5222420911925485
  ],
  [
   27,
   1.4969805981494122
  ],
  [
   28,
   1.471574053431263
  ],
  [
   29,
   1.5524434389815256
  ],
  [
   30,
   1.6250471433048908
  ],
  [
   31,
   1.579964977052038
  ],
  [
   32,
   1.6139153095561618
  ],
  [
   33,
   1.5664197155690407
  ],
  [
   34,
   1.5721742136042378
  ],
  [
   35,
   1.5540321552333962
  ],
  [
   36,
   1.6027573162057072
  ],
  [
   37,
   1.4769683484917668
  ],
  [
   38,
   1.5262586869780863
  ],
  [
   39,
   1.5589789563551306
  ],
  [
   40,
   1.5988193993883484
  ],
  [
   41,
   1.5852236786367402
  ],
  [
   42,
   1.6988783379085526
  ],
  [
   43,
   1.7275957206962944
  ],
  [
   44,
   1.8288541730110925
  ],
  [
   45,
   1.7946051309858067
  ],
  [
   46,
   1.9055633293974619
  ],
  [
   47,
   2.02134862769094
  ],
  [
   48,
   1.9955026457966956
  ],
  [
   49,
   2.133562438677814
  ],
  [
   50,
   2.3731275061233976
  ],
  [
   51,
   2.5387116528223883
  ],
  [
   52,
   2.6301718086104504
  ],
  [
   53,
   2.8899588056132934
  ],
  [
   54,
   3.0322750933058997
  ],
  [
   55,
   3.54864425535123
  ],
  [
   56,
   4.059691464297593
  ],
  [
   57,
   4.97925768232881
  ],
  [
   58,
   6.484638002658258
  ],
  [
   59,
   7.723018239320486
  ],
  [
   60,
   8.256136767115256
  ],
  [
   61,
   8.52023274248859
  ],
  [
   62,
   9.036766182447185
  ],
  [
   63,
   9.483451644201638
  ],
  [
   64,
   9.854727018195945
  ],
  [
   65,
   10.203853790420885
  ],
  [
   66,
   10.975958992200978
  ],
  [
   67,
   11.816132012700818
  ],
  [
   68,
   12.729172283921073
  ],
  [
   69,
   13.228225590589416
  ],
  [
   70,
   14.144664731560468
  ],
  [
   71,
   15.154655278799577
  ],
  [
   72,
   16.197798890450695
  ],
  [
   73,
   17.751695000820046
  ],
  [
   74,
   19.381653230243824
  ],
  [
   75,
   20.766392349359318
  ],
  [
   76,
   21.34305875545217
  ],
  [
   77,
   21.88927914999519
  ],
  [
   78,
   22.206928601134507
  ],
  [
   79,
   22.51430997944744
  ],
  [
   80,
   22.538947079477758
  ],
  [
   81,
   22.808083845506783
  ],
  [
   82,
   23.016459870200677
  ],
  [
   83,
   23.172890868255816
  ],
  [
   84,
   23.347846997483742
  ],
  [
   85,
   23.444379759572993
  ],
  [
   86,
   23.45273795283712
  ],
  [
   87,
   23.715110300792322
  ],
  [
   88,
   23.796765968407733
  ],
  [
   89,
   23.742175782298833
  ],
  [
   90,
   23.906398479528956
  ],
  [
   91,
   24.042022305461124
  ],
  [
   92,
   24.11217100056046
  ],
  [
   93,
   23.959912189607913
  ],
  [
   94,
   23.70530144153984
  ],
  [
   95,
   23.440516506567597
  ],
  [
   96,
   23.180821611773677
  ],
  [
   97,
   22.910266973412337
  ],
  [
   98,
   22.679007247387325
  ],
  [
   99,
   22.440960246655074
  ],
  [
   100,
   22.30778680371634
  ],
  [
   101,
   22.005890940336702
  ],
  [
   102,
   21.930826867500038
  ],
  [
   103,
   21.689086682537166
  ],
  [
   104,
   21.58681493890438
  ],
  [
   105,
   21.457140829704933
  ],
  [
   106,
   21.252187430065383
  ],
  [
   107,
   20.844654424734337
  ],
  [
   108,
   20.356033236220625
  ],
  [
   109,
   20.03040637151255
  ],
  [
   110,
   19.787399494831813
  ],
  [
   111,
   19.589849610039927
  ],
  [
   112,
   19.248710067047888
  ],
  [
   113,
   18.83328374449504
  ],
  [
   114,
   18.46745302779583
  ],
  [
   115,
   18.101245918147658
  ],
  [
   116,
   17.436464143546605
  ],
  [
   117,
   17.060420357792292
  ],
  [
   118,
   16.674551896963376
  ],
  [
   119,
   16.37517429410028
  ],
  [
   120,
   16.107449613336232
  ],
  [
   121,
   16.06953454046051
  ],
  [
   122,
   15.989115328375748
  ],
  [
   123,
   15.889570506581471
  ],
  [
   124,
   15.710993399538808
  ],
  [
   125,
   15.498962559175379
  ],
  [
   126,
   15.103877533106463
  ],
  [
   127,
   14.58379685516068
  ],
  [
   128,
   14.03104953390983
  ],
  [
   129,
   13.529491987175591
  ],
  [
   130,
   13.120336756474877
  ],
  [
   131,
   12.848097372545462
  ],
  [
   132,
   12.603598948362258
  ],
  [
   133,
   12.411327791060106
  ],
  [
   134,
   12.120845116146038
  ],
  [
   135,
   12.027756854834296
  ],
  [
   136,
   12.027179773569163
  ],
  [
   137,
   11.837789309387432
  ],
  [
   138,
   11.71092285643087
  ],
  [
   139,
   11.474645187899137
  ],
  [
   140,
   11.150893521741349
  ],
  [
   141,
   10.788880558442713
  ],
  [
   142,
   10.269051642526927
  ],
  [
   143,
   9.771850507616255
  ],
  [
   144,
   9.072515236961651
  ],
  [
   145,
   8.555576365878355
  ],
  [
   146,
   8.44037716925732
  ],
  [
   147,
   8.31608993074135
  ],
  [
   148,
   8.29870416085556
  ],
  [
   149,
   8.369136052639323
  ],
  [
   150,
   8.34825703419126
  ]
 ],
 "per_point_mean": [
  5.466150555957597,
  17.392733275778532,
  20.293932850258372,
  7.822550710448485,
  14.662517807634167,
  10.938399141324213,
  5.660947195004537,
  6.401212476763121,
  5.450062305419674,
  20.75609876379145,
  9.614723504494057,
  22.87685082762936,
  20.885818188632474,
  9.88845246718657,
  16.131037035863944,
  14.46643825919052,
  17.24007715200062,
  3.699260546727682,
  21.339159998452704,
  12.642608263611082,
  18.07857453935921,
  13.072625415852894,
  4.642161188452944,
  19.070908031535406,
  6.082736560780586,
  5.300689486577248,
  3.0719613330129865,
  2.264049400552218,
  1.1393724138413897,
  16.720572481529402,
  2.5916823567460936,
  4.41418536576622,
  2.602590327389001,
  17.771538768597125,
  3.7623553994222765,
  1.3833971925736515
 ]
}