{
 "ours_6000": {
  "SSIM": 0.9537525773048401,
  "PSNR": 36.77285385131836,
  "PSNR*": 34.99015808105469,
  "LPIPS": 0.06038662791252136,
  "FLIP": 0.04993262514472008,
  "RMSE": 2.8451757308280596
 }
}