{
 "ours_3000": {
  "SSIM": 0.955924391746521,
  "PSNR": 36.99783706665039,
  "PSNR*": 35.215145111083984,
  "LPIPS": 0.06379333138465881,
  "FLIP": 0.047868624329566956,
  "RMSE": 3.139391948976087
 }
}