{
 "K=4": {
  "graph": [
   6.81878263707239,
   0.4262278300575465
  ],
  "rigid": [
   6.412890764413724,
   0.8352125408795825
  ],
  "nearest": [
   6.04062932671601,
   0.4066687708092272
  ],
  "tps": [
   NaN,
   NaN
  ]
 },
 "K=8": {
  "graph": [
   7.325206502510604,
   0.0
  ],
  "rigid": [
   5.65254806372374,
   0.0
  ],
  "nearest": [
   4.373417563527179,
   0.0
  ],
  "tps": [
   4.490666534531789,
   0.0
  ]
 },
 "K=16": {
  "graph": [
   9.598037248807977,
   0.0
  ],
  "rigid": [
   5.775821605117642,
   0.0
  ],
  "nearest": [
   4.768279195526053,
   0.0
  ],
  "tps": [
   3.9769223918319776,
   0.0
  ]
 }
}