{
 "summary": {
  "RPE_mean_px": 13.257393354684925,
  "RPE_median_px": 6.23032792963992,
  "RPE_median_CI95": [
   5.867735092794694,
   6.678593188170413
  ],
  "RPE_frame0_px": 1.6262763351977951,
  "n_points": 26,
  "n_frames": 151
 },
 "per_frame": [
  [
   0,
   1.6262763351977951
  ],
  [
   1,
   1.7640474546479057
  ],
  [
   2,
   1.6985047005794465
  ],
  [
   3,
   1.7237355355163098
  ],
  [
   4,
   1.7440779228419456
  ],
  [
   5,
   1.9510799199940112
  ],
  [
   6,
   2.352294947835156
  ],
  [
   7,
   2.946485532366348
  ],
  [
   8,
   3.184925090217824
  ],
  [
   9,
   3.5314890178330924
  ],
  [
   10,
   3.612064426106052
  ],
  [
   11,
   3.5685377417915416
  ],
  [
   12,
   3.5936232918788584
  ],
  [
   13,
   3.602827421731173
  ],
  [
   14,
   3.6684591608527155
  ],
  [
   15,
   3.7039691898787224
  ],
  [
   16,
   3.714017754748539
  ],
  [
   17,
   3.7097637393467093
  ],
  [
   18,
   3.7184072887479327
  ],
  [
   19,
   3.7182849052440075
  ],
  [
   20,
   3.6849118634110094
  ],
  [
   21,
   3.7628718274061423
  ],
  [
   22,
   3.7147634006875636
  ],
  [
   23,
   3.705915097695912
  ],
  [
   24,
   3.6942257381713355
  ],
  [
   25,
   3.726162171546759
  ],
  [
   26,
   3.771061655369721
  ],
  [
   27,
   3.7378423841055097
  ],
  [
   28,
   3.399791973378349
  ],
  [
   29,
   3.194808954642291
  ],
  [
   30,
   2.822188466584568
  ],
  [
   31,
   2.561659617213167
  ],
  [
   32,
   2.300763385186771
  ],
  [
   33,
   2.1449275722269694
  ],
  [
   34,
   2.0948364442098755
  ],
  [
   35,
   2.0621550204677175
  ],
  [
   36,
   2.04162085626095
  ],
  [
   37,
   2.13637842178069
  ],
  [
   38,
   2.199777794906559
  ],
  [
   39,
   2.4784051555925797
  ],
  [
   40,
   2.5932917282268266
  ],
  [
   41,
   2.7354230920670903
  ],
  [
   42,
   2.7927396871671126
  ],
  [
   43,
   2.99987002220189
  ],
  [
   44,
   3.466364779825936
  ],
  [
   45,
   3.766858691531819
  ],
  [
   46,
   4.253316564433055
  ],
  [
   47,
   4.599760775160094
  ],
  [
   48,
   4.825652452948017
  ],
  [
   49,
   4.925439675606527
  ],
  [
   50,
   5.098696294686717
  ],
  [
   51,
   5.011824518612347
  ],
  [
   52,
   5.14993115310189
  ],
  [
   53,
   5.267829817115873
  ],
  [
   54,
   5.25153716105362
  ],
  [
   55,
   5.363686769049872
  ],
  [
   56,
   5.6101806981485804
  ],
  [
   57,
   5.793269844289118
  ],
  [
   58,
   5.9781134022860085
  ],
  [
   59,
   6.102613078809491
  ],
  [
   60,
   6.145124950616064
  ],
  [
   61,
   6.064047481669713
  ],
  [
   62,
   5.739762294106992
  ],
  [
   63,
   5.392177481015971
  ],
  [
   64,
   5.07627119362866
  ],
  [
   65,
   4.795684372369829
  ],
  [
   66,
   4.806746013520687
  ],
  [
   67,
   5.008588578540228
  ],
  [
   68,
   5.404790419403847
  ],
  [
   69,
   5.8399641537052
  ],
  [
   70,
   6.610530242123053
  ],
  [
   71,
   7.30043449022494
  ],
  [
   72,
   8.014898238003907
  ],
  [
   73,
   8.71789247001785
  ],
  [
   74,
   9.832704769249899
  ],
  [
   75,
   10.622417640736007
  ],
  [
   76,
   11.67844048553864
  ],
  [
   77,
   12.814585969784437
  ],
  [
   78,
   14.071931320663072
  ],
  [
   79,
   15.796009507571965
  ],
  [
   80,
   17.91293127718438
  ],
  [
   81,
   19.990853935510533
  ],
  [
   82,
   23.449364950851173
  ],
  [
   83,
   26.092866596606584
  ],
  [
   84,
   27.97914031219092
  ],
  [
   85,
   29.738223990259655
  ],
  [
   86,
   31.950606009454546
  ],
  [
   87,
   33.61949268310752
  ],
  [
   88,
   34.56030302553668
  ],
  [
   89,
   34.99978633843164
  ],
  [
   90,
   35.293898337326205
  ],
  [
   91,
   35.500172137188265
  ],
  [
   92,
   35.45052750994337
  ],
  [
   93,
   35.42936368807044
  ],
  [
   94,
   35.17092682732825
  ],
  [
   95,
   35.01998236788307
  ],
  [
   96,
   34.89700177208518
  ],
  [
   97,
   34.860380781094854
  ],
  [
   98,
   34.48039864616846
  ],
  [
   99,
   34.31705738823894
  ],
  [
   100,
   33.71986288178764
  ],
  [
   101,
   32.76856695308049
  ],
  [
   102,
   31.234657489602455
  ],
  [
   103,
   28.49082900206879
  ],
  [
   104,
   27.061685175939452
  ],
  [
   105,
   25.836117961666165
  ],
  [
   106,
   24.71538272398051
  ],
  [
   107,
   23.984036020468
  ],
  [
   108,
   23.363928141985895
  ],
  [
   109,
   23.796371285723634
  ],
  [
   110,
   23.363481989093504
  ],
  [
   111,
   22.985153489377975
  ],
  [
   112,
   22.73445471159769
  ],
  [
   113,
   22.475282233242996
  ],
  [
   114,
   22.47521420856988
  ],
  [
   115,
   22.406869692452307
  ],
  [
   116,
   22.66497818415102
  ],
  [
   117,
   22.67359088724063
  ],
  [
   118,
   22.420384394464627
  ],
  [
   119,
   22.209131377507042
  ],
  [
   120,
   21.50771511266077
  ],
  [
   121,
   21.310767261132675
  ],
  [
   122,
   20.846803319083904
  ],
  [
   123,
   20.44052599596513
  ],
  [
   124,
   20.399984757806884
  ],
  [
   125,
   19.744218575202492
  ],
  [
   126,
   19.036214456637328
  ],
  [
   127,
   18.443718542049535
  ],
  [
   128,
   17.585518351769345
  ],
  [
   129,
   16.92782115898748
  ],
  [
   130,
   16.227610785789214
  ],
  [
   131,
   15.758891256529976
  ],
  [
   132,
   15.2505042271077
  ],
  [
   133,
   15.374999283624415
  ],
  [
   134,
   15.474899706068102
  ],
  [
   135,
   15.36992564891451
  ],
  [
   136,
   15.256085736863952
  ],
  [
   137,
   15.251454296003134
  ],
  [
   138,
   15.46378959846238
  ],
  [
   139,
   15.526269517906378
  ],
  [
   140,
   15.654626666228843
  ],
  [
   141,
   15.604819070524993
  ],
  [
   142,
   15.909276403436792
  ],
  [
   143,
   16.233240587935562
  ],
  [
   144,
   16.644716132214775
  ],
  [
   145,
   16.89572561979141
  ],
  [
   146,
   16.66393079809188
  ],
  [
   147,
   16.84667899832378
  ],
  [
   148,
   16.633052900726135
  ],
  [
   149,
   16.602299616017355
  ],
  [
   150,
   16.840631639419918
  ]
 ],
 "per_point_mean": [
  24.74216756465859,
  27.0137177664194,
  28.696461111221364,
  18.124805159796338,
  19.221051014491252,
  31.54734373957329,
  14.202179346830853,
  20.662613343871623,
  13.21647614653674,
  17.490442003325892,
  8.472918080719356,
  7.478987859599673,
  5.433477507504686,
  11.904591464297424,
  24.73415848191753,
  9.038986320948762,
  6.54560835881109,
  9.481222224591631,
  9.131310735878866,
  11.321087871480978,
  10.052235758021025,
  4.483982947581401,
  7.615010560107599,
  1.9049817745108089,
  1.549597744533745,
  0.6420262324994085
 ]
}