{
 "summary": {
  "RPE_mean_px": 10.58647520493611,
  "RPE_median_px": 3.2453423536740273,
  "RPE_median_CI95": [
   3.1029204479949692,
   3.4108236422195413
  ],
  "RPE_frame0_px": 1.2408577663093558,
  "n_points": 36,
  "n_frames": 151
 },
 "per_frame": [
  [
   0,
   1.2408577663093558
  ],
  [
   1,
   1.3071146826597122
  ],
  [
   2,
   1.3401530237848034
  ],
  [
   3,
   1.4080256937438027
  ],
  [
   4,
   1.3144708709884054
  ],
  [
   5,
   1.385793811597103
  ],
  [
   6,
   1.4753693541170734
  ],
  [
   7,
   1.5100328117776256
  ],
  [
   8,
   1.5217973414753014
  ],
  [
   9,
   1.572667871818779
  ],
  [
   10,
   1.5856900256995965
  ],
  [
   11,
   1.5827988223567235
  ],
  [
   12,
   1.4425969965796952
  ],
  [
   13,
   1.4432079306509729
  ],
  [
   14,
   1.3605814494914341
  ],
  [
   15,
   1.3239562970588512
  ],
  [
   16,
   1.301658339703346
  ],
  [
   17,
   1.3442202203876634
  ],
  [
   18,
   1.3154266224842142
  ],
  [
   19,
   1.3906326244040745
  ],
  [
   20,
   1.451511883211791
  ],
  [
   21,
   1.4202738448038277
  ],
  [
   22,
   1.499294918728272
  ],
  [
   23,
   1.5060802337852506
  ],
  [
   24,
   1.596960429855988
  ],
  [
   25,
   1.5787962137772973
  ],
  [
   26,
   1.6043071129671465
  ],
  [
   27,
   1.5811572538961238
  ],
  [
   28,
   1.5887300989388873
  ],
  [
   29,
   1.632758279785007
  ],
  [
   30,
   1.6150784876135706
  ],
  [
   31,
   1.576021764783576
  ],
  [
   32,
   1.5461930609235013
  ],
  [
   33,
   1.5778894690435603
  ],
  [
   34,
   1.6169756448765653
  ],
  [
   35,
   1.6536830125550366
  ],
  [
   36,
   1.6432346563487772
  ],
  [
   37,
   1.634272758436465
  ],
  [
   38,
   1.6552958346844588
  ],
  [
   39,
   1.7482048245836364
  ],
  [
   40,
   1.7542575222142465
  ],
  [
   41,
   2.005469228430684
  ],
  [
   42,
   2.104608529005186
  ],
  [
   43,
   2.3773239018409766
  ],
  [
   44,
   2.5325003566420943
  ],
  [
   45,
   2.6255898252281016
  ],
  [
   46,
   2.711292791186104
  ],
  [
   47,
   2.75689329280017
  ],
  [
   48,
   2.874450961305865
  ],
  [
   49,
   2.858696352124107
  ],
  [
   50,
   2.912191389620866
  ],
  [
   51,
   3.1451546956992233
  ],
  [
   52,
   3.3212229009121703
  ],
  [
   53,
   3.650249153272463
  ],
  [
   54,
   4.032475077737721
  ],
  [
   55,
   4.512950583400233
  ],
  [
   56,
   5.1385527776475
  ],
  [
   57,
   6.0168767460727475
  ],
  [
   58,
   7.170537284157849
  ],
  [
   59,
   8.121685983777104
  ],
  [
   60,
   8.515425707230733
  ],
  [
   61,
   8.799324666536387
  ],
  [
   62,
   9.700607771171763
  ],
  [
   63,
   10.400873059827003
  ],
  [
   64,
   11.027094841016481
  ],
  [
   65,
   11.466955607537681
  ],
  [
   66,
   12.057746012982477
  ],
  [
   67,
   12.598304301169254
  ],
  [
   68,
   13.466491925221172
  ],
  [
   69,
   13.931879660668134
  ],
  [
   70,
   14.473260700835596
  ],
  [
   71,
   15.220719433393928
  ],
  [
   72,
   15.912263388276893
  ],
  [
   73,
   16.699780858094368
  ],
  [
   74,
   17.648539184017416
  ],
  [
   75,
   18.606388362549417
  ],
  [
   76,
   19.036633361876266
  ],
  [
   77,
   19.478025036226203
  ],
  [
   78,
   19.756371820098547
  ],
  [
   79,
   20.154640928360138
  ],
  [
   80,
   20.151281783556044
  ],
  [
   81,
   20.576305126684275
  ],
  [
   82,
   20.674689484578
  ],
  [
   83,
   20.72043404849158
  ],
  [
   84,
   20.77430646926045
  ],
  [
   85,
   20.85674573049341
  ],
  [
   86,
   20.90149753935075
  ],
  [
   87,
   21.232995824211216
  ],
  [
   88,
   21.36278033866234
  ],
  [
   89,
   21.2574060899653
  ],
  [
   90,
   21.421417082017072
  ],
  [
   91,
   21.624347262031414
  ],
  [
   92,
   21.636717308404798
  ],
  [
   93,
   21.529572019656896
  ],
  [
   94,
   21.405419724748405
  ],
  [
   95,
   21.242163168116484
  ],
  [
   96,
   21.132211638107474
  ],
  [
   97,
   21.08709066307111
  ],
  [
   98,
   21.040361009567768
  ],
  [
   99,
   20.88689337736204
  ],
  [
   100,
   20.709159971059773
  ],
  [
   101,
   20.41051376867176
  ],
  [
   102,
   20.286047363530315
  ],
  [
   103,
   20.051015141379573
  ],
  [
   104,
   19.918910128984958
  ],
  [
   105,
   19.800267545401788
  ],
  [
   106,
   19.65049645915284
  ],
  [
   107,
   19.27159436218462
  ],
  [
   108,
   18.832862787812466
  ],
  [
   109,
   18.66456723000688
  ],
  [
   110,
   18.68422457689527
  ],
  [
   111,
   18.65647253101326
  ],
  [
   112,
   18.630098105699712
  ],
  [
   113,
   18.008243247916255
  ],
  [
   114,
   17.39686650081902
  ],
  [
   115,
   17.079466981356553
  ],
  [
   116,
   16.737979060001813
  ],
  [
   117,
   16.579538251083456
  ],
  [
   118,
   16.437659399049338
  ],
  [
   119,
   16.35995189068273
  ],
  [
   120,
   16.24909973644155
  ],
  [
   121,
   16.306297475317095
  ],
  [
   122,
   16.26384172639454
  ],
  [
   123,
   16.222013083782816
  ],
  [
   124,
   16.079464552748636
  ],
  [
   125,
   15.876809401522873
  ],
  [
   126,
   15.537093135407787
  ],
  [
   127,
   15.172057840251984
  ],
  [
   128,
   14.90749534144485
  ],
  [
   129,
   14.806782193003833
  ],
  [
   130,
   14.568101048383234
  ],
  [
   131,
   14.247407315601517
  ],
  [
   132,
   13.89815696246519
  ],
  [
   133,
   13.734319277375704
  ],
  [
   134,
   13.603339390500404
  ],
  [
   135,
   13.528311853411987
  ],
  [
   136,
   13.541413374571615
  ],
  [
   137,
   13.394325922244285
  ],
  [
   138,
   13.054407445297128
  ],
  [
   139,
   12.690982866873668
  ],
  [
   140,
   11.93803234125453
  ],
  [
   141,
   11.390078747262095
  ],
  [
   142,
   10.838884524462754
  ],
  [
   143,
   10.067104508255635
  ],
  [
   144,
   9.225322806080387
  ],
  [
   145,
   8.821234327361216
  ],
  [
   146,
   8.620590150171967
  ],
  [
   147,
   8.363114801888063
  ],
  [
   148,
   8.280627232107534
  ],
  [
   149,
   8.114051124952905
  ],
  [
   150,
   7.981396915219381
  ]
 ],
 "per_point_mean": [
  5.16275503714836,
  19.73912169703242,
  19.202520632972153,
  8.77765354247553,
  15.496553111159072,
  11.13938169418111,
  2.3641239710051054,
  9.801790946205506,
  6.52689285706903,
  23.15300451321391,
  13.739083348607739,
  20.611786426605548,
  18.312848423660625,
  7.189158206275791,
  18.589923548813342,
  10.27526796717623,
  18.669678775880012,
  3.837542330921945,
  24.908196893063252,
  10.891737650218904,
  17.78093886641408,
  13.023019471654775,
  2.6349140064533914,
  14.683504464216917,
  6.9429053533797305,
  2.080968290027924,
  2.8059354532455094,
  1.7207932876594532,
  2.800690713766798,
  15.28608652545972,
  1.9634470471450125,
  4.021037633462202,
  1.9096521483469897,
  15.57351215446009,
  2.3220045187196106,
  2.2635472499331195
 ]
}