{
 "ours_3000": {
  "SSIM": 0.9570043087005615,
  "PSNR": 37.29268264770508,
  "PSNR*": 35.50999450683594,
  "LPIPS": 0.06489967554807663,
  "FLIP": 0.04705125093460083,
  "RMSE": 3.1609736563334785
 }
}