{
 "ours_3000": {
  "SSIM": 0.948708176612854,
  "PSNR": 36.07546615600586,
  "PSNR*": 34.29277038574219,
  "LPIPS": 0.08777306973934174,
  "FLIP": 0.05289837345480919,
  "RMSE": 3.609218435269256
 }
}