{
 "ours_3000": {
  "SSIM": 0.9614852070808411,
  "PSNR": 38.06768035888672,
  "PSNR*": 36.6402702331543,
  "LPIPS": 0.047062069177627563,
  "FLIP": 0.04435405135154724,
  "RMSE": 1.512603952395167
 }
}