{
 "ours_3000": {
  "SSIM": 0.9476404190063477,
  "PSNR": 36.504878997802734,
  "PSNR*": 34.72218322753906,
  "LPIPS": 0.09536253660917282,
  "FLIP": 0.05129975080490112,
  "RMSE": 3.036785936133289
 }
}