{
 "ours_3000": {
  "SSIM": 0.9571161270141602,
  "PSNR": 37.13021469116211,
  "PSNR*": 35.34751892089844,
  "LPIPS": 0.06175878643989563,
  "FLIP": 0.047417499125003815,
  "RMSE": 2.856527416904453
 }
}