{
 "ours_3000": {
  "SSIM": 0.9520114660263062,
  "PSNR": 36.190528869628906,
  "PSNR*": 34.4078369140625,
  "LPIPS": 0.07598435878753662,
  "FLIP": 0.05233262479305267,
  "RMSE": 3.2560727799125293
 }
}