{
 "summary": {
  "RPE_mean_px": 12.847238021250067,
  "RPE_median_px": 7.0171396599499,
  "RPE_median_CI95": [
   6.489352008162476,
   7.278940104927716
  ],
  "RPE_frame0_px": 2.2620380541329865,
  "n_points": 32,
  "n_frames": 151
 },
 "per_frame": [
  [
   0,
   2.2620380541329865
  ],
  [
   1,
   2.296908391472324
  ],
  [
   2,
   2.3011154391657804
  ],
  [
   3,
   2.1964177768540036
  ],
  [
   4,
   2.154213266477071
  ],
  [
   5,
   2.1393875130367093
  ],
  [
   6,
   2.131741408706988
  ],
  [
   7,
   2.150098944808605
  ],
  [
   8,
   2.185566398900982
  ],
  [
   9,
   2.208628098418251
  ],
  [
   10,
   2.1754250019404178
  ],
  [
   11,
   2.127460142771712
  ],
  [
   12,
   2.211576483445204
  ],
  [
   13,
   2.082658735106927
  ],
  [
   14,
   2.125594197187639
  ],
  [
   15,
   2.0875955739473024
  ],
  [
   16,
   2.198349975000794
  ],
  [
   17,
   2.1616685777083195
  ],
  [
   18,
   2.2257930663636207
  ],
  [
   19,
   2.2419353440521856
  ],
  [
   20,
   2.212040599436328
  ],
  [
   21,
   2.244370130943701
  ],
  [
   22,
   2.312345498504083
  ],
  [
   23,
   2.268951155216028
  ],
  [
   24,
   2.2392546347811084
  ],
  [
   25,
   2.250562274068138
  ],
  [
   26,
   2.2576368623428817
  ],
  [
   27,
   2.272792861456749
  ],
  [
   28,
   2.2484463730736346
  ],
  [
   29,
   2.2745233425800073
  ],
  [
   30,
   2.2108776299032105
  ],
  [
   31,
   2.3314359013019845
  ],
  [
   32,
   2.391936039813567
  ],
  [
   33,
   2.4845297487438995
  ],
  [
   34,
   2.4334104096513833
  ],
  [
   35,
   2.5476986146281537
  ],
  [
   36,
   2.5221239208133124
  ],
  [
   37,
   2.580699314150967
  ],
  [
   38,
   2.6202068527598095
  ],
  [
   39,
   2.6761219277139685
  ],
  [
   40,
   2.644711439396901
  ],
  [
   41,
   2.6551663066158344
  ],
  [
   42,
   2.6549564141911217
  ],
  [
   43,
   2.5823284817199355
  ],
  [
   44,
   2.6579282770737596
  ],
  [
   45,
   2.6125394934446566
  ],
  [
   46,
   2.647656567648611
  ],
  [
   47,
   2.44819765141069
  ],
  [
   48,
   2.420430639330561
  ],
  [
   49,
   2.5428020146800607
  ],
  [
   50,
   2.727464321585938
  ],
  [
   51,
   3.006644231859318
  ],
  [
   52,
   3.3466628193994525
  ],
  [
   53,
   3.81111876191705
  ],
  [
   54,
   4.687670625592803
  ],
  [
   55,
   5.508929649913841
  ],
  [
   56,
   6.794570663396579
  ],
  [
   57,
   8.060937974204162
  ],
  [
   58,
   9.425631292994085
  ],
  [
   59,
   10.349146503353674
  ],
  [
   60,
   11.140735424881969
  ],
  [
   61,
   11.707704004744363
  ],
  [
   62,
   12.744578179839495
  ],
  [
   63,
   13.539853354380975
  ],
  [
   64,
   14.499300653101812
  ],
  [
   65,
   15.49246784749496
  ],
  [
   66,
   17.206837274202208
  ],
  [
   67,
   18.645276287867404
  ],
  [
   68,
   20.43829737257378
  ],
  [
   69,
   22.010925553199105
  ],
  [
   70,
   23.493730614539153
  ],
  [
   71,
   25.19947804718424
  ],
  [
   72,
   26.960067901663326
  ],
  [
   73,
   28.27462434898605
  ],
  [
   74,
   29.308819304503466
  ],
  [
   75,
   29.770125800759676
  ],
  [
   76,
   30.16568806035632
  ],
  [
   77,
   30.457862540300503
  ],
  [
   78,
   30.849008612030524
  ],
  [
   79,
   31.455278575594154
  ],
  [
   80,
   32.19966248966654
  ],
  [
   81,
   32.199668404510774
  ],
  [
   82,
   32.53055267814925
  ],
  [
   83,
   33.14908798508142
  ],
  [
   84,
   33.909858476329035
  ],
  [
   85,
   34.124819522236145
  ],
  [
   86,
   34.01934214052499
  ],
  [
   87,
   34.15767509336503
  ],
  [
   88,
   35.09335611417725
  ],
  [
   89,
   35.21763527421899
  ],
  [
   90,
   35.88116557282002
  ],
  [
   91,
   35.823618523186695
  ],
  [
   92,
   35.22732901984988
  ],
  [
   93,
   34.0706460147161
  ],
  [
   94,
   32.00606419032599
  ],
  [
   95,
   29.663363413436997
  ],
  [
   96,
   28.39558708070275
  ],
  [
   97,
   26.33854878215246
  ],
  [
   98,
   24.87204374944989
  ],
  [
   99,
   23.173613127794678
  ],
  [
   100,
   21.737878646560684
  ],
  [
   101,
   20.88180639845272
  ],
  [
   102,
   19.981898821893086
  ],
  [
   103,
   18.88347392920332
  ],
  [
   104,
   17.669050497235716
  ],
  [
   105,
   16.20586236857644
  ],
  [
   106,
   14.820440133223295
  ],
  [
   107,
   14.133762187502517
  ],
  [
   108,
   13.26249555509695
  ],
  [
   109,
   12.47423969406599
  ],
  [
   110,
   12.396017135789945
  ],
  [
   111,
   12.711037524353914
  ],
  [
   112,
   12.910675777722371
  ],
  [
   113,
   12.877175913698224
  ],
  [
   114,
   12.793161176085036
  ],
  [
   115,
   12.720197239375235
  ],
  [
   116,
   12.70689856265563
  ],
  [
   117,
   12.516240279058078
  ],
  [
   118,
   12.504811571110404
  ],
  [
   119,
   12.575527387437129
  ],
  [
   120,
   12.585891271364089
  ],
  [
   121,
   12.629901201803492
  ],
  [
   122,
   12.64558463794414
  ],
  [
   123,
   12.594641867006466
  ],
  [
   124,
   12.740047074333457
  ],
  [
   125,
   12.703556165896739
  ],
  [
   126,
   12.62377836593778
  ],
  [
   127,
   12.939998120829314
  ],
  [
   128,
   13.088372490441504
  ],
  [
   129,
   13.170334320292026
  ],
  [
   130,
   13.33395846772548
  ],
  [
   131,
   13.546150360055565
  ],
  [
   132,
   13.782066038112148
  ],
  [
   133,
   14.183995768491751
  ],
  [
   134,
   14.564254894515756
  ],
  [
   135,
   14.853127522247755
  ],
  [
   136,
   15.448744672685994
  ],
  [
   137,
   15.804720244479903
  ],
  [
   138,
   16.04547032514304
  ],
  [
   139,
   16.482945940730765
  ],
  [
   140,
   16.694527752363477
  ],
  [
   141,
   17.031284711630125
  ],
  [
   142,
   17.330131719155435
  ],
  [
   143,
   17.57973888548635
  ],
  [
   144,
   17.818833417604633
  ],
  [
   145,
   18.126032263279722
  ],
  [
   146,
   18.285371130785094
  ],
  [
   147,
   18.386107004154383
  ],
  [
   148,
   18.443715371234738
  ],
  [
   149,
   18.374751840383055
  ],
  [
   150,
   18.174539788731806
  ]
 ],
 "per_point_mean": [
  7.576811320861597,
  15.781939320887266,
  15.40463587150717,
  7.1718284423437035,
  29.797793998596042,
  18.818611072841538,
  8.95155505406037,
  26.796802848581883,
  7.484360290770512,
  36.54647645358599,
  11.459040523273096,
  18.300691529999014,
  9.46582983959489,
  6.23369834694769,
  9.119996530667347,
  11.451107010564348,
  12.94357842527545,
  11.85031349707828,
  8.726371643008047,
  13.486820305701142,
  11.670574938796577,
  6.7456776540381655,
  13.021527949167389,
  10.788077425924085,
  14.752630865844502,
  13.649436282473761,
  11.137799809842281,
  5.051695065702351,
  3.1640748223664485,
  12.381975459168022,
  7.395604616967122,
  4.190072289418741
 ]
}