{
 "ours_6000": {
  "SSIM": 0.9567863941192627,
  "PSNR": 37.165855407714844,
  "PSNR*": 35.383155822753906,
  "LPIPS": 0.0532994382083416,
  "FLIP": 0.04810149967670441,
  "RMSE": 2.7929277394345373
 }
}