{
 "ours_3000": {
  "SSIM": 0.9570778012275696,
  "PSNR": 36.84545135498047,
  "PSNR*": 35.0627555847168,
  "LPIPS": 0.07598324120044708,
  "FLIP": 0.047372374683618546,
  "RMSE": 3.035384933614989
 }
}