{
 "summary": {
  "RPE_mean_px": 8.82867995034771,
  "RPE_median_px": 3.41247755107574,
  "RPE_median_CI95": [
   3.358095951925672,
   3.5152226164801625
  ],
  "RPE_frame0_px": 2.2638391969265825,
  "n_points": 32,
  "n_frames": 151
 },
 "per_frame": [
  [
   0,
   2.2638391969265825
  ],
  [
   1,
   2.4176923942390656
  ],
  [
   2,
   2.417085262787711
  ],
  [
   3,
   2.4636277246857254
  ],
  [
   4,
   2.457863728922298
  ],
  [
   5,
   2.484521490467279
  ],
  [
   6,
   2.5162663339858025
  ],
  [
   7,
   2.461501975612371
  ],
  [
   8,
   2.4159483846493384
  ],
  [
   9,
   2.4898569622665123
  ],
  [
   10,
   2.5208492448289883
  ],
  [
   11,
   2.4390379559427355
  ],
  [
   12,
   2.4279408923889285
  ],
  [
   13,
   2.4282764910315704
  ],
  [
   14,
   2.4221578879258163
  ],
  [
   15,
   2.3917373441164687
  ],
  [
   16,
   2.448175215194908
  ],
  [
   17,
   2.336899300291507
  ],
  [
   18,
   2.3694220868558906
  ],
  [
   19,
   2.2367215750530645
  ],
  [
   20,
   2.3308033910186428
  ],
  [
   21,
   2.376033183022863
  ],
  [
   22,
   2.42227406054817
  ],
  [
   23,
   2.4601370322583005
  ],
  [
   24,
   2.366221962787024
  ],
  [
   25,
   2.401827836440594
  ],
  [
   26,
   2.387309128486703
  ],
  [
   27,
   2.4178243288130217
  ],
  [
   28,
   2.415617605089936
  ],
  [
   29,
   2.3452795238008077
  ],
  [
   30,
   2.4237952685466455
  ],
  [
   31,
   2.4294094229005245
  ],
  [
   32,
   2.365544625875524
  ],
  [
   33,
   2.432029849016344
  ],
  [
   34,
   2.421283662468775
  ],
  [
   35,
   2.3612126589183986
  ],
  [
   36,
   2.401276632201454
  ],
  [
   37,
   2.4005121947093513
  ],
  [
   38,
   2.364362141657458
  ],
  [
   39,
   2.3961495551860548
  ],
  [
   40,
   2.3664066474441046
  ],
  [
   41,
   2.3812576128445655
  ],
  [
   42,
   2.342821629209003
  ],
  [
   43,
   2.384343975775995
  ],
  [
   44,
   2.3224015249255423
  ],
  [
   45,
   2.3716344883942435
  ],
  [
   46,
   2.3017801061283123
  ],
  [
   47,
   2.0182969636229875
  ],
  [
   48,
   2.01001713695178
  ],
  [
   49,
   2.154569144245318
  ],
  [
   50,
   2.3195954374615373
  ],
  [
   51,
   2.558300230969786
  ],
  [
   52,
   2.825205525798372
  ],
  [
   53,
   3.0373894108469894
  ],
  [
   54,
   3.4183646307965883
  ],
  [
   55,
   3.3453307522568085
  ],
  [
   56,
   4.077010199076116
  ],
  [
   57,
   4.862250750860968
  ],
  [
   58,
   6.165149093463096
  ],
  [
   59,
   7.218140846943328
  ],
  [
   60,
   7.8063864699413505
  ],
  [
   61,
   8.092001272569211
  ],
  [
   62,
   8.706096836493044
  ],
  [
   63,
   9.279287936770066
  ],
  [
   64,
   9.883509446669706
  ],
  [
   65,
   10.292269893305518
  ],
  [
   66,
   11.263411507227062
  ],
  [
   67,
   12.083752227212198
  ],
  [
   68,
   13.276145066958165
  ],
  [
   69,
   14.116728741043673
  ],
  [
   70,
   14.733983968466037
  ],
  [
   71,
   15.55395498643054
  ],
  [
   72,
   16.17452763006661
  ],
  [
   73,
   16.63155548555618
  ],
  [
   74,
   17.124177524908646
  ],
  [
   75,
   17.239956597155253
  ],
  [
   76,
   17.516580956821073
  ],
  [
   77,
   17.783799570820154
  ],
  [
   78,
   17.885929709423525
  ],
  [
   79,
   18.14642822325424
  ],
  [
   80,
   18.425344150884957
  ],
  [
   81,
   18.753554257253814
  ],
  [
   82,
   19.2289029262588
  ],
  [
   83,
   19.80974486691719
  ],
  [
   84,
   20.418086856322166
  ],
  [
   85,
   20.322701671716672
  ],
  [
   86,
   20.963136579891806
  ],
  [
   87,
   20.910938555095257
  ],
  [
   88,
   22.1512303065893
  ],
  [
   89,
   22.017427923917893
  ],
  [
   90,
   23.012586532150884
  ],
  [
   91,
   22.977682805254457
  ],
  [
   92,
   22.557119720290302
  ],
  [
   93,
   21.76591756495331
  ],
  [
   94,
   20.186649271722352
  ],
  [
   95,
   19.4724846639892
  ],
  [
   96,
   18.98052194307551
  ],
  [
   97,
   17.38642651388835
  ],
  [
   98,
   16.761415940384765
  ],
  [
   99,
   15.790901180753261
  ],
  [
   100,
   15.286940084745805
  ],
  [
   101,
   15.031434687260958
  ],
  [
   102,
   14.841081170758235
  ],
  [
   103,
   14.0233420010299
  ],
  [
   104,
   12.891172535453894
  ],
  [
   105,
   11.647111145316359
  ],
  [
   106,
   10.56917999877888
  ],
  [
   107,
   10.124574554024662
  ],
  [
   108,
   9.815305400801781
  ],
  [
   109,
   9.3124196957795
  ],
  [
   110,
   9.370677721426798
  ],
  [
   111,
   9.40013124390762
  ],
  [
   112,
   9.366035271873713
  ],
  [
   113,
   9.32475391057914
  ],
  [
   114,
   9.370016184839487
  ],
  [
   115,
   9.371322631256989
  ],
  [
   116,
   9.51520078281437
  ],
  [
   117,
   9.475102244524168
  ],
  [
   118,
   9.643983686501745
  ],
  [
   119,
   9.814434170238023
  ],
  [
   120,
   9.652327209381708
  ],
  [
   121,
   9.682829662224453
  ],
  [
   122,
   9.920096039486394
  ],
  [
   123,
   9.945542768684506
  ],
  [
   124,
   9.94110763331266
  ],
  [
   125,
   9.813497062591841
  ],
  [
   126,
   9.672114488476332
  ],
  [
   127,
   9.759621857722266
  ],
  [
   128,
   9.903999598561619
  ],
  [
   129,
   9.980949269980846
  ],
  [
   130,
   10.146838941111909
  ],
  [
   131,
   10.173077593871872
  ],
  [
   132,
   10.197731081705498
  ],
  [
   133,
   10.512073413998854
  ],
  [
   134,
   10.714382433012066
  ],
  [
   135,
   10.732307710831881
  ],
  [
   136,
   10.845290719769782
  ],
  [
   137,
   10.863816219655375
  ],
  [
   138,
   11.044758944036117
  ],
  [
   139,
   11.165986424981366
  ],
  [
   140,
   11.119774256536873
  ],
  [
   141,
   11.27883705805895
  ],
  [
   142,
   11.44349119493848
  ],
  [
   143,
   11.502082076540455
  ],
  [
   144,
   11.553516471360211
  ],
  [
   145,
   11.78607053889438
  ],
  [
   146,
   11.739839855079605
  ],
  [
   147,
   11.704906113356097
  ],
  [
   148,
   11.646524091542634
  ],
  [
   149,
   11.666724524187282
  ],
  [
   150,
   11.68524442718525
  ]
 ],
 "per_point_mean": [
  4.657307446496611,
  13.284984170999529,
  7.586866741530262,
  2.6934487500323736,
  21.17655734972209,
  19.65058187274148,
  3.8166935455852147,
  23.956070947710774,
  5.3681008910081776,
  31.5150430498448,
  4.947705310673875,
  14.936729657307694,
  11.151486125507965,
  3.5051493090065784,
  4.545264529671167,
  9.535255332015081,
  6.319789438210733,
  12.632120809822311,
  7.116074820576053,
  1.744079523079191,
  5.512144907464822,
  2.3670744654978604,
  2.685507779985121,
  5.8427799091285175,
  8.131732271169318,
  9.325013778807902,
  9.773254278574873,
  6.292341876254024,
  1.2334672104668611,
  5.6648536426180325,
  9.680441320658835,
  2.428134024362977
 ]
}