{
 "ours_3000": {
  "SSIM": 0.9504925012588501,
  "PSNR": 36.80300521850586,
  "PSNR*": 35.02030563354492,
  "LPIPS": 0.08853861689567566,
  "FLIP": 0.04965187609195709,
  "RMSE": 2.9492978588702266
 }
}