{
 "K=4": {
  "graph": [
   8.298575355264813,
   0.39807169093063777
  ],
  "rigid": [
   7.364851786434802,
   0.7326478252328924
  ],
  "nearest": [
   6.682924785186044,
   1.604534343137455
  ],
  "tps": [
   12.340649099495886,
   5.31805326745533
  ]
 },
 "K=8": {
  "graph": [
   8.159849528763132,
   0.31821656332258497
  ],
  "rigid": [
   7.008451726994704,
   0.630301751893385
  ],
  "nearest": [
   5.809185553606197,
   0.6802078704922522
  ],
  "tps": [
   7.3949807714852245,
   1.5964636779243444
  ]
 },
 "K=16": {
  "graph": [
   9.523743913756238,
   0.0
  ],
  "rigid": [
   7.025486764448273,
   0.0
  ],
  "nearest": [
   3.8621226441138186,
   0.0
  ],
  "tps": [
   3.7524780927233023,
   0.0
  ]
 }
}