{
 "summary": {
  "RPE_mean_px": 8.71357979309414,
  "RPE_median_px": 3.2952553288371416,
  "RPE_median_CI95": [
   3.13827696979303,
   3.463770759924526
  ],
  "RPE_frame0_px": 2.057402168440038,
  "n_points": 32,
  "n_frames": 151
 },
 "per_frame": [
  [
   0,
   2.057402168440038
  ],
  [
   1,
   2.169188060841512
  ],
  [
   2,
   2.1829526525763256
  ],
  [
   3,
   2.1769816146103613
  ],
  [
   4,
   2.213032379662928
  ],
  [
   5,
   2.193682136389679
  ],
  [
   6,
   2.219806875139559
  ],
  [
   7,
   2.1553027180317965
  ],
  [
   8,
   2.0865439236236845
  ],
  [
   9,
   2.1644361021803293
  ],
  [
   10,
   2.1197539325750387
  ],
  [
   11,
   2.095142977405022
  ],
  [
   12,
   2.154867248589455
  ],
  [
   13,
   2.198629505510028
  ],
  [
   14,
   2.145713415590098
  ],
  [
   15,
   2.1728178817450114
  ],
  [
   16,
   2.206056797145295
  ],
  [
   17,
   2.1918752601920177
  ],
  [
   18,
   2.246722895081798
  ],
  [
   19,
   2.2101232899342564
  ],
  [
   20,
   2.2107273289813434
  ],
  [
   21,
   2.29869936438166
  ],
  [
   22,
   2.2818244369495764
  ],
  [
   23,
   2.294012304726288
  ],
  [
   24,
   2.1761185612521614
  ],
  [
   25,
   2.218345792735058
  ],
  [
   26,
   2.1399997307412573
  ],
  [
   27,
   2.1340696564988746
  ],
  [
   28,
   2.143206804309693
  ],
  [
   29,
   2.1366106027256424
  ],
  [
   30,
   2.1930809614069586
  ],
  [
   31,
   2.1975163363018493
  ],
  [
   32,
   2.196083311930141
  ],
  [
   33,
   2.1425837896493705
  ],
  [
   34,
   2.1623015822772778
  ],
  [
   35,
   2.2554121002614043
  ],
  [
   36,
   2.2762135231254916
  ],
  [
   37,
   2.333624101062314
  ],
  [
   38,
   2.2183913923250773
  ],
  [
   39,
   2.3003454620368564
  ],
  [
   40,
   2.2931976019950318
  ],
  [
   41,
   2.2134352057909368
  ],
  [
   42,
   2.196269351268632
  ],
  [
   43,
   2.226253320022907
  ],
  [
   44,
   2.2097873722097137
  ],
  [
   45,
   2.179030477431178
  ],
  [
   46,
   2.2669596810807398
  ],
  [
   47,
   1.999627765028645
  ],
  [
   48,
   1.9441583159423288
  ],
  [
   49,
   2.0302639635587454
  ],
  [
   50,
   2.139292236893754
  ],
  [
   51,
   2.3225006403596233
  ],
  [
   52,
   2.744778713414106
  ],
  [
   53,
   3.248300256136849
  ],
  [
   54,
   3.5917956626434044
  ],
  [
   55,
   3.686417667517435
  ],
  [
   56,
   4.180237154871469
  ],
  [
   57,
   4.5942920366887465
  ],
  [
   58,
   5.550024563756955
  ],
  [
   59,
   6.368106248388395
  ],
  [
   60,
   7.201780461495191
  ],
  [
   61,
   7.7288377508681405
  ],
  [
   62,
   8.373972067092515
  ],
  [
   63,
   8.87903167245993
  ],
  [
   64,
   9.562378247016596
  ],
  [
   65,
   10.179681553342634
  ],
  [
   66,
   11.05686247254379
  ],
  [
   67,
   11.590319468788353
  ],
  [
   68,
   12.223115050389024
  ],
  [
   69,
   12.778072655978319
  ],
  [
   70,
   13.510730789651694
  ],
  [
   71,
   14.354122809132573
  ],
  [
   72,
   15.29202023660005
  ],
  [
   73,
   15.940541252485131
  ],
  [
   74,
   16.51172058730081
  ],
  [
   75,
   16.465576488998526
  ],
  [
   76,
   16.80554048946195
  ],
  [
   77,
   17.017083297737642
  ],
  [
   78,
   17.253675171631713
  ],
  [
   79,
   17.687428728121212
  ],
  [
   80,
   18.142939937298227
  ],
  [
   81,
   18.211684920984084
  ],
  [
   82,
   18.56702413352229
  ],
  [
   83,
   19.200290799845476
  ],
  [
   84,
   20.10059168739289
  ],
  [
   85,
   19.967119251574875
  ],
  [
   86,
   20.47339186807011
  ],
  [
   87,
   20.19549691251875
  ],
  [
   88,
   20.77169386708709
  ],
  [
   89,
   20.715728056916774
  ],
  [
   90,
   21.45978134749941
  ],
  [
   91,
   21.637278504713386
  ],
  [
   92,
   21.24454602715169
  ],
  [
   93,
   20.381772475392857
  ],
  [
   94,
   18.706389842548298
  ],
  [
   95,
   18.174045631297837
  ],
  [
   96,
   18.121356781036674
  ],
  [
   97,
   17.006070561305012
  ],
  [
   98,
   16.565675143802615
  ],
  [
   99,
   15.920116563525974
  ],
  [
   100,
   15.27393264258303
  ],
  [
   101,
   14.903041625966301
  ],
  [
   102,
   14.658233618296673
  ],
  [
   103,
   13.895916717756812
  ],
  [
   104,
   13.172087158127944
  ],
  [
   105,
   12.419210418942122
  ],
  [
   106,
   11.609036762939725
  ],
  [
   107,
   11.043536795323774
  ],
  [
   108,
   10.583837413631594
  ],
  [
   109,
   10.13566107352767
  ],
  [
   110,
   9.801703284477995
  ],
  [
   111,
   9.551107764732269
  ],
  [
   112,
   9.368584555793337
  ],
  [
   113,
   9.383804035927637
  ],
  [
   114,
   9.373476970700155
  ],
  [
   115,
   9.353002494034941
  ],
  [
   116,
   9.521889848761171
  ],
  [
   117,
   9.538266884939704
  ],
  [
   118,
   9.644093772790448
  ],
  [
   119,
   9.787641030220701
  ],
  [
   120,
   9.869854210143574
  ],
  [
   121,
   9.810302735610477
  ],
  [
   122,
   9.79350667035385
  ],
  [
   123,
   9.70320189613419
  ],
  [
   124,
   9.600498810575651
  ],
  [
   125,
   9.520857225906004
  ],
  [
   126,
   9.314679035680781
  ],
  [
   127,
   9.565409785509553
  ],
  [
   128,
   9.808779157440508
  ],
  [
   129,
   10.022437144571436
  ],
  [
   130,
   10.335170660719335
  ],
  [
   131,
   10.536272713968765
  ],
  [
   132,
   10.723683042089108
  ],
  [
   133,
   11.213491065315841
  ],
  [
   134,
   11.380229796761329
  ],
  [
   135,
   11.58603132804856
  ],
  [
   136,
   11.81979840280244
  ],
  [
   137,
   11.938545079153522
  ],
  [
   138,
   12.037679731696818
  ],
  [
   139,
   12.167501077145118
  ],
  [
   140,
   12.177607718201283
  ],
  [
   141,
   12.248758988331613
  ],
  [
   142,
   12.452288341746009
  ],
  [
   143,
   12.45221725094836
  ],
  [
   144,
   12.514718648816354
  ],
  [
   145,
   12.595706691468473
  ],
  [
   146,
   12.669039594083369
  ],
  [
   147,
   12.6144427691968
  ],
  [
   148,
   12.551655806807977
  ],
  [
   149,
   12.53848031542523
  ],
  [
   150,
   12.482760745981414
  ]
 ],
 "per_point_mean": [
  4.612526311436867,
  13.823564400727902,
  2.4296718608560073,
  4.466783656014823,
  19.830356203770396,
  16.443088432035967,
  2.5093367321110955,
  23.89715820854178,
  7.446498841292771,
  31.107680576958117,
  5.044740174752823,
  12.742159956813511,
  10.821042429439927,
  3.8350590348686735,
  5.852393511409606,
  7.742192004383407,
  10.050977569056569,
  9.227937100610312,
  7.516842884052858,
  2.8261334703270435,
  3.198123213237593,
  2.047414330443037,
  8.739652170536981,
  4.827530162792172,
  5.760784285562923,
  9.614264530333156,
  10.204738756495871,
  7.393762878936583,
  2.880178535748919,
  8.634555287887293,
  10.743504934951444,
  1.1768048567738452
 ]
}