{
 "ours_6000": {
  "SSIM": 0.966381847858429,
  "PSNR": 38.91328811645508,
  "PSNR*": 37.485877990722656,
  "LPIPS": 0.03800453990697861,
  "FLIP": 0.04179520159959793,
  "RMSE": 1.4317676713106653
 }
}