{
 "ours_3000": {
  "SSIM": 0.9032899737358093,
  "PSNR": 30.194921493530273,
  "PSNR*": 28.412227630615234,
  "LPIPS": 0.1064474880695343,
  "FLIP": 0.10246212780475616,
  "RMSE": 3.3423400652377797
 }
}