{
 "ours_3000": {
  "SSIM": 0.9587470293045044,
  "PSNR": 37.30393981933594,
  "PSNR*": 35.52124786376953,
  "LPIPS": 0.06895199418067932,
  "FLIP": 0.045608874410390854,
  "RMSE": 2.863513147650327
 }
}