{
 "ours_3000": {
  "SSIM": 0.9488470554351807,
  "PSNR": 36.684879302978516,
  "PSNR*": 34.902183532714844,
  "LPIPS": 0.09460915625095367,
  "FLIP": 0.0500354990363121,
  "RMSE": 3.0013587650986957
 }
}