{
 "summary": {
  "RPE_mean_px": 8.860992307267553,
  "RPE_median_px": 3.4723271856937785,
  "RPE_median_CI95": [
   3.340550947048791,
   3.5906763935283554
  ],
  "RPE_frame0_px": 2.115645244392544,
  "n_points": 32,
  "n_frames": 151
 },
 "per_frame": [
  [
   0,
   2.115645244392544
  ],
  [
   1,
   2.0686233425860854
  ],
  [
   2,
   2.064942219139086
  ],
  [
   3,
   2.07432665084671
  ],
  [
   4,
   2.074764506493838
  ],
  [
   5,
   2.1099171701324613
  ],
  [
   6,
   2.1407099170373445
  ],
  [
   7,
   2.050632840118612
  ],
  [
   8,
   2.1235880202781185
  ],
  [
   9,
   2.1562416787958076
  ],
  [
   10,
   2.185092119829191
  ],
  [
   11,
   2.174321467906526
  ],
  [
   12,
   2.1260376335305047
  ],
  [
   13,
   2.094777085061696
  ],
  [
   14,
   2.103224144873339
  ],
  [
   15,
   2.049065119695886
  ],
  [
   16,
   2.1058583131679356
  ],
  [
   17,
   2.1343968084731104
  ],
  [
   18,
   2.2171020742049112
  ],
  [
   19,
   2.0555958401151924
  ],
  [
   20,
   2.084628973857658
  ],
  [
   21,
   2.1365690795248584
  ],
  [
   22,
   2.177338553080244
  ],
  [
   23,
   2.216463393078028
  ],
  [
   24,
   2.142377086129211
  ],
  [
   25,
   2.1303985198251274
  ],
  [
   26,
   2.149839609881745
  ],
  [
   27,
   2.223554117481344
  ],
  [
   28,
   2.2004768545344264
  ],
  [
   29,
   2.1058962299812403
  ],
  [
   30,
   2.1311131408128356
  ],
  [
   31,
   2.1050464227361063
  ],
  [
   32,
   2.1615291427173555
  ],
  [
   33,
   2.1845099157900902
  ],
  [
   34,
   2.193261484049882
  ],
  [
   35,
   2.270992008179938
  ],
  [
   36,
   2.266213941885303
  ],
  [
   37,
   2.32620395632021
  ],
  [
   38,
   2.2897152928722266
  ],
  [
   39,
   2.2537093544563773
  ],
  [
   40,
   2.1274762799507756
  ],
  [
   41,
   2.129273027537594
  ],
  [
   42,
   2.1601998598346133
  ],
  [
   43,
   2.2333950666522417
  ],
  [
   44,
   2.244581359074066
  ],
  [
   45,
   2.231414180968004
  ],
  [
   46,
   2.281711555514898
  ],
  [
   47,
   2.1775465292835774
  ],
  [
   48,
   2.2446212216985475
  ],
  [
   49,
   2.396165665557681
  ],
  [
   50,
   2.5661849506292245
  ],
  [
   51,
   2.976712077880212
  ],
  [
   52,
   3.2592284707768573
  ],
  [
   53,
   3.5425280364089633
  ],
  [
   54,
   3.961981583325906
  ],
  [
   55,
   4.185151930692481
  ],
  [
   56,
   4.689407639562562
  ],
  [
   57,
   5.296971070619065
  ],
  [
   58,
   6.315173235360969
  ],
  [
   59,
   7.154567523789737
  ],
  [
   60,
   7.776004445125617
  ],
  [
   61,
   8.107600687444604
  ],
  [
   62,
   8.54794864725319
  ],
  [
   63,
   8.953506782557428
  ],
  [
   64,
   9.703930667440094
  ],
  [
   65,
   10.32746907470881
  ],
  [
   66,
   11.331031379939231
  ],
  [
   67,
   12.02372825521788
  ],
  [
   68,
   12.92813931945046
  ],
  [
   69,
   13.808939062358576
  ],
  [
   70,
   14.469889257156995
  ],
  [
   71,
   15.288752857318718
  ],
  [
   72,
   15.921767202688413
  ],
  [
   73,
   16.364098845774638
  ],
  [
   74,
   17.136359392919843
  ],
  [
   75,
   17.329556963225446
  ],
  [
   76,
   17.64773835068519
  ],
  [
   77,
   17.911348247834674
  ],
  [
   78,
   18.14435436806722
  ],
  [
   79,
   18.332927384329942
  ],
  [
   80,
   18.733022191995527
  ],
  [
   81,
   18.599524350931677
  ],
  [
   82,
   18.811855837701337
  ],
  [
   83,
   19.332552642390958
  ],
  [
   84,
   19.824049975636665
  ],
  [
   85,
   19.841739794005626
  ],
  [
   86,
   20.636637656120037
  ],
  [
   87,
   20.735970103556507
  ],
  [
   88,
   20.945384669401438
  ],
  [
   89,
   20.939620234053027
  ],
  [
   90,
   21.72222373323039
  ],
  [
   91,
   21.50238676283715
  ],
  [
   92,
   20.68472258003502
  ],
  [
   93,
   19.494003720578412
  ],
  [
   94,
   18.050583764553913
  ],
  [
   95,
   17.58864827048636
  ],
  [
   96,
   17.72652271683572
  ],
  [
   97,
   16.67427600357201
  ],
  [
   98,
   16.32102716709599
  ],
  [
   99,
   15.701058110965699
  ],
  [
   100,
   15.230843988319407
  ],
  [
   101,
   15.156283599209514
  ],
  [
   102,
   15.164410458820663
  ],
  [
   103,
   14.435057680018847
  ],
  [
   104,
   13.557711205246692
  ],
  [
   105,
   12.501588149445833
  ],
  [
   106,
   11.292589742230872
  ],
  [
   107,
   10.643469372684272
  ],
  [
   108,
   10.121424242208539
  ],
  [
   109,
   9.9913773987327
  ],
  [
   110,
   10.20031400860318
  ],
  [
   111,
   10.39438732581043
  ],
  [
   112,
   10.68914245782437
  ],
  [
   113,
   10.740644362236893
  ],
  [
   114,
   10.79405782431533
  ],
  [
   115,
   10.804760017709466
  ],
  [
   116,
   10.896034114674265
  ],
  [
   117,
   10.80608916680124
  ],
  [
   118,
   10.899754707070807
  ],
  [
   119,
   10.920129277893365
  ],
  [
   120,
   10.883003367750543
  ],
  [
   121,
   10.755395650006081
  ],
  [
   122,
   10.579671527051703
  ],
  [
   123,
   10.456577658878038
  ],
  [
   124,
   10.432987279966223
  ],
  [
   125,
   10.297085752496796
  ],
  [
   126,
   10.17987388653625
  ],
  [
   127,
   10.287349605184808
  ],
  [
   128,
   10.237219616342795
  ],
  [
   129,
   10.1217844814551
  ],
  [
   130,
   10.301010452357515
  ],
  [
   131,
   10.372255323874935
  ],
  [
   132,
   10.433940461058752
  ],
  [
   133,
   10.47102845437801
  ],
  [
   134,
   10.672287761030647
  ],
  [
   135,
   10.808052085563016
  ],
  [
   136,
   11.040486782715794
  ],
  [
   137,
   11.284628977171714
  ],
  [
   138,
   11.441994719130873
  ],
  [
   139,
   11.617229505987039
  ],
  [
   140,
   11.630609119675531
  ],
  [
   141,
   11.699076352443218
  ],
  [
   142,
   11.844384387673822
  ],
  [
   143,
   11.902390202903453
  ],
  [
   144,
   12.038118367572997
  ],
  [
   145,
   12.171656920752923
  ],
  [
   146,
   12.08494358083403
  ],
  [
   147,
   12.092351497254203
  ],
  [
   148,
   11.974760089128322
  ],
  [
   149,
   11.97580721506497
  ],
  [
   150,
   11.847799488714973
  ]
 ],
 "per_point_mean": [
  4.958095248495747,
  15.201394110431817,
  6.274563906030187,
  5.107819917610885,
  21.596747709328362,
  14.08039764426734,
  2.9577117802733475,
  21.3978070970829,
  6.986845130224036,
  30.421400060696104,
  9.902605192473944,
  16.081080352169657,
  9.467153185283314,
  4.013918797032305,
  5.623995421188383,
  14.016167239125613,
  3.775436026873549,
  11.816807591810127,
  7.856954222099486,
  3.253339156767412,
  9.157850168403662,
  3.096923062321812,
  4.405044312679685,
  1.5528011489333986,
  7.182967750432788,
  10.31127711801286,
  4.118438282061883,
  2.1254723163443368,
  4.4893646284161255,
  7.318065884887069,
  6.638115360947047,
  2.756372620700041
 ]
}