{
 "ours_3000": {
  "SSIM": 0.9557280540466309,
  "PSNR": 36.645965576171875,
  "PSNR*": 34.8632698059082,
  "LPIPS": 0.06190960481762886,
  "FLIP": 0.04984550178050995,
  "RMSE": 2.9595194278560824
 }
}