{
 "ours_3000": {
  "SSIM": 0.9537285566329956,
  "PSNR": 36.449981689453125,
  "PSNR*": 34.66728973388672,
  "LPIPS": 0.09462488442659378,
  "FLIP": 0.05086600035429001,
  "RMSE": 3.286927543824592
 }
}