{
 "ours_3000": {
  "SSIM": 0.8984424471855164,
  "PSNR": 29.649301528930664,
  "PSNR*": 27.866605758666992,
  "LPIPS": 0.12368456274271011,
  "FLIP": 0.10665587335824966,
  "RMSE": 3.831461154904887
 }
}