{
 "ours_3000": {
  "SSIM": 0.957791805267334,
  "PSNR": 37.27056884765625,
  "PSNR*": 35.48786926269531,
  "LPIPS": 0.0608944371342659,
  "FLIP": 0.04710474982857704,
  "RMSE": 2.905673268015847
 }
}