{
 "ours_3000": {
  "SSIM": 0.9537118077278137,
  "PSNR": 36.876834869384766,
  "PSNR*": 35.09414291381836,
  "LPIPS": 0.07602328062057495,
  "FLIP": 0.0494609996676445,
  "RMSE": 3.037062617510184
 }
}