{
 "K=4": {
  "graph": [
   8.89030667661034,
   0.33676941103432073
  ],
  "rigid": [
   9.275467616367864,
   1.8685213052672525
  ],
  "nearest": [
   7.240462013138227,
   0.710907027087446
  ],
  "tps": [
   10.885430789037805,
   3.7818190477271485
  ]
 },
 "K=8": {
  "graph": [
   8.634380646405415,
   0.4714746056223601
  ],
  "rigid": [
   8.135426213338782,
   0.6216053356001507
  ],
  "nearest": [
   6.131059369668778,
   0.48920910310814225
  ],
  "tps": [
   7.011855330603007,
   1.6001562778538552
  ]
 },
 "K=16": {
  "graph": [
   10.741871477853836,
   0.0
  ],
  "rigid": [
   9.011686012779943,
   0.0
  ],
  "nearest": [
   5.630301371194423,
   0.0
  ],
  "tps": [
   3.825028885209351,
   0.0
  ]
 }
}