{
 "summary": {
  "RPE_mean_px": 13.63821288495302,
  "RPE_median_px": 7.9830788533936765,
  "RPE_median_CI95": [
   7.269346641982182,
   8.657837424404367
  ],
  "RPE_frame0_px": 1.6845412906439108,
  "n_points": 36,
  "n_frames": 151
 },
 "per_frame": [
  [
   0,
   1.6845412906439108
  ],
  [
   1,
   1.7416280323307962
  ],
  [
   2,
   1.723303027239016
  ],
  [
   3,
   1.7501121179429138
  ],
  [
   4,
   1.6582709660066492
  ],
  [
   5,
   1.70511544413652
  ],
  [
   6,
   1.7152321954811827
  ],
  [
   7,
   1.7141042793496606
  ],
  [
   8,
   1.674605393075118
  ],
  [
   9,
   1.7610701876622823
  ],
  [
   10,
   1.7412450952357057
  ],
  [
   11,
   1.8252256263043445
  ],
  [
   12,
   1.806206288913964
  ],
  [
   13,
   1.8813916209690342
  ],
  [
   14,
   1.7738613456975223
  ],
  [
   15,
   1.7630644793639503
  ],
  [
   16,
   1.738186208523169
  ],
  [
   17,
   1.7590732140442487
  ],
  [
   18,
   1.8357653313032496
  ],
  [
   19,
   1.8464553671724049
  ],
  [
   20,
   1.7657514955132414
  ],
  [
   21,
   1.7119204067168121
  ],
  [
   22,
   1.7495538733050933
  ],
  [
   23,
   1.7633072868802802
  ],
  [
   24,
   1.845630310441781
  ],
  [
   25,
   1.8667290135247718
  ],
  [
   26,
   1.8469829935186217
  ],
  [
   27,
   1.8501824954035078
  ],
  [
   28,
   1.825510042153776
  ],
  [
   29,
   1.8583584859263291
  ],
  [
   30,
   1.888803545104209
  ],
  [
   31,
   1.8989959966663947
  ],
  [
   32,
   1.889695657050383
  ],
  [
   33,
   1.8939152829587447
  ],
  [
   34,
   1.8952704042634398
  ],
  [
   35,
   1.9229120152585386
  ],
  [
   36,
   1.9455418115288365
  ],
  [
   37,
   1.9567560629564187
  ],
  [
   38,
   1.9236427737296151
  ],
  [
   39,
   2.0183993266662825
  ],
  [
   40,
   2.1254626073497827
  ],
  [
   41,
   2.152559724538078
  ],
  [
   42,
   2.3282673429498053
  ],
  [
   43,
   2.747556983169663
  ],
  [
   44,
   3.0387166847158706
  ],
  [
   45,
   3.2185175240026513
  ],
  [
   46,
   3.5123046082740705
  ],
  [
   47,
   3.686225449071764
  ],
  [
   48,
   3.960757999309693
  ],
  [
   49,
   4.1390452458897755
  ],
  [
   50,
   4.455561419328443
  ],
  [
   51,
   4.9091541524030875
  ],
  [
   52,
   5.0156142715175935
  ],
  [
   53,
   5.261795050794888
  ],
  [
   54,
   5.758831986205525
  ],
  [
   55,
   6.640325731617551
  ],
  [
   56,
   7.497302536928458
  ],
  [
   57,
   8.29520411853235
  ],
  [
   58,
   9.01451757045211
  ],
  [
   59,
   9.650152605367285
  ],
  [
   60,
   10.058649503682231
  ],
  [
   61,
   10.705548703298536
  ],
  [
   62,
   11.64566977512634
  ],
  [
   63,
   12.300050607297901
  ],
  [
   64,
   13.27877012453578
  ],
  [
   65,
   14.165753176159154
  ],
  [
   66,
   15.129683618406888
  ],
  [
   67,
   15.717578718862244
  ],
  [
   68,
   16.558217690018164
  ],
  [
   69,
   17.148472029813835
  ],
  [
   70,
   17.952535357317032
  ],
  [
   71,
   18.980530405134072
  ],
  [
   72,
   19.944724926685993
  ],
  [
   73,
   21.07131803008605
  ],
  [
   74,
   22.31848285603538
  ],
  [
   75,
   23.776609074936285
  ],
  [
   76,
   25.219322781414615
  ],
  [
   77,
   26.55524434186883
  ],
  [
   78,
   27.471484003547175
  ],
  [
   79,
   28.09379827788327
  ],
  [
   80,
   28.289162684643077
  ],
  [
   81,
   28.79429598973628
  ],
  [
   82,
   28.877764802701
  ],
  [
   83,
   28.947300347521214
  ],
  [
   84,
   28.99642658685328
  ],
  [
   85,
   29.137939240729235
  ],
  [
   86,
   29.25114845378869
  ],
  [
   87,
   29.592625455044423
  ],
  [
   88,
   29.895805626748253
  ],
  [
   89,
   29.89917994215746
  ],
  [
   90,
   30.234575109641757
  ],
  [
   91,
   30.3559913119508
  ],
  [
   92,
   30.23950686844264
  ],
  [
   93,
   29.955505610478316
  ],
  [
   94,
   29.551485323939122
  ],
  [
   95,
   29.181134922627212
  ],
  [
   96,
   28.890157641840748
  ],
  [
   97,
   28.60760799821264
  ],
  [
   98,
   28.374163276906604
  ],
  [
   99,
   28.101468855099874
  ],
  [
   100,
   27.614586703509087
  ],
  [
   101,
   26.98900978849137
  ],
  [
   102,
   26.599053806354302
  ],
  [
   103,
   26.141450138295202
  ],
  [
   104,
   25.879679046680938
  ],
  [
   105,
   25.57857653884204
  ],
  [
   106,
   25.322701266638468
  ],
  [
   107,
   24.918452259779155
  ],
  [
   108,
   24.334916095106838
  ],
  [
   109,
   23.978730596742533
  ],
  [
   110,
   23.65854975445723
  ],
  [
   111,
   23.352828320512415
  ],
  [
   112,
   23.190011439140775
  ],
  [
   113,
   22.783471746799627
  ],
  [
   114,
   22.520024899752276
  ],
  [
   115,
   22.26471719716246
  ],
  [
   116,
   21.767579310087502
  ],
  [
   117,
   21.58756220421786
  ],
  [
   118,
   21.366967876129344
  ],
  [
   119,
   21.181239503319368
  ],
  [
   120,
   20.993063713752537
  ],
  [
   121,
   20.946441143236747
  ],
  [
   122,
   20.851123295293114
  ],
  [
   123,
   20.734885808127707
  ],
  [
   124,
   20.391382436730133
  ],
  [
   125,
   19.8290133687845
  ],
  [
   126,
   19.2136345020935
  ],
  [
   127,
   18.622223750702513
  ],
  [
   128,
   18.196027025480056
  ],
  [
   129,
   17.97690391518177
  ],
  [
   130,
   17.669154476859894
  ],
  [
   131,
   17.222794426156554
  ],
  [
   132,
   16.700810695939246
  ],
  [
   133,
   16.421740671463276
  ],
  [
   134,
   16.206495978609347
  ],
  [
   135,
   16.00780152152139
  ],
  [
   136,
   16.006375841144955
  ],
  [
   137,
   15.70066497823132
  ],
  [
   138,
   15.376692880538121
  ],
  [
   139,
   14.874427417347297
  ],
  [
   140,
   13.785003475539675
  ],
  [
   141,
   12.814902004378359
  ],
  [
   142,
   11.74360658636961
  ],
  [
   143,
   11.065222518190556
  ],
  [
   144,
   10.338033924623163
  ],
  [
   145,
   9.696793180286194
  ],
  [
   146,
   9.344372781054803
  ],
  [
   147,
   8.987709951642907
  ],
  [
   148,
   8.816193628661477
  ],
  [
   149,
   8.7042803571663
  ],
  [
   150,
   8.57369939382472
  ]
 ],
 "per_point_mean": [
  7.684703941560192,
  23.575402168037968,
  22.278550189136404,
  14.041586463663386,
  18.607268350049456,
  14.82266312620146,
  6.787137677368277,
  7.372659885628253,
  8.07713385964156,
  27.274224879576263,
  13.481369000363582,
  24.48189343243496,
  16.956682327155335,
  9.93675246808189,
  19.991571532986182,
  12.892080419149632,
  27.441617985367433,
  6.075155603102211,
  24.606473397716602,
  15.186976036303394,
  23.711983174136684,
  12.258050424143528,
  5.039115332985134,
  19.206266749269293,
  11.724276799421853,
  7.699190016709634,
  7.68665533617848,
  3.098765677144333,
  3.5472355592825284,
  19.775932259809988,
  2.3241101158448885,
  11.226550801491518,
  4.73130663386475,
  16.159653128875927,
  6.6505071057622285,
  8.12036836977547
 ]
}