{
 "summary": {
  "RPE_mean_px": 4.060745557956754,
  "RPE_median_px": 1.6214707708856395,
  "RPE_median_CI95": [
   1.5934891245456957,
   1.638865986808707
  ],
  "RPE_frame0_px": 1.5345876371962273,
  "n_points": 51,
  "n_frames": 151
 },
 "per_frame": [
  [
   0,
   1.5345876371962273
  ],
  [
   1,
   1.5342853678549093
  ],
  [
   2,
   1.6086257186012658
  ],
  [
   3,
   1.5962818809920862
  ],
  [
   4,
   1.6453899275734867
  ],
  [
   5,
   1.643564846272201
  ],
  [
   6,
   1.5770788161894218
  ],
  [
   7,
   1.5734631999513522
  ],
  [
   8,
   1.5648854416313767
  ],
  [
   9,
   1.5039863569164895
  ],
  [
   10,
   1.557835778109962
  ],
  [
   11,
   1.5493633987149569
  ],
  [
   12,
   1.5391060278503055
  ],
  [
   13,
   1.4701203492849393
  ],
  [
   14,
   1.5224997117102959
  ],
  [
   15,
   1.535424953557428
  ],
  [
   16,
   1.5213007269980443
  ],
  [
   17,
   1.5090677506243668
  ],
  [
   18,
   1.4840299315155843
  ],
  [
   19,
   1.4754911078629092
  ],
  [
   20,
   1.5285885538993562
  ],
  [
   21,
   1.5489629135231127
  ],
  [
   22,
   1.596167967906427
  ],
  [
   23,
   1.612467739722675
  ],
  [
   24,
   1.5525024182879639
  ],
  [
   25,
   1.5431668067937854
  ],
  [
   26,
   1.5475212638655105
  ],
  [
   27,
   1.5157044380472302
  ],
  [
   28,
   1.524152724277903
  ],
  [
   29,
   1.5233497569687062
  ],
  [
   30,
   1.4998189694413195
  ],
  [
   31,
   1.5410032910582636
  ],
  [
   32,
   1.5074934720780333
  ],
  [
   33,
   1.5135068564023921
  ],
  [
   34,
   1.5265086708136266
  ],
  [
   35,
   1.6424075125138065
  ],
  [
   36,
   1.6827421949753425
  ],
  [
   37,
   1.6224144422777593
  ],
  [
   38,
   1.606948543413287
  ],
  [
   39,
   1.600731080784561
  ],
  [
   40,
   1.6781551741705405
  ],
  [
   41,
   1.8230653718935637
  ],
  [
   42,
   1.7845601643009497
  ],
  [
   43,
   1.8027823608763653
  ],
  [
   44,
   1.705255562522918
  ],
  [
   45,
   1.6942610345653164
  ],
  [
   46,
   1.627778896464888
  ],
  [
   47,
   1.7416610836189852
  ],
  [
   48,
   1.6704211261233735
  ],
  [
   49,
   1.6717228700219722
  ],
  [
   50,
   1.6919615177607168
  ],
  [
   51,
   1.7020337969719495
  ],
  [
   52,
   1.6951009951608405
  ],
  [
   53,
   1.7575734434220718
  ],
  [
   54,
   1.7268249092719106
  ],
  [
   55,
   1.717140742917266
  ],
  [
   56,
   1.6774932637858588
  ],
  [
   57,
   1.7046316428192514
  ],
  [
   58,
   1.6897576067941025
  ],
  [
   59,
   1.7405365694895678
  ],
  [
   60,
   1.7678867455400709
  ],
  [
   61,
   1.7874117904214355
  ],
  [
   62,
   1.6942331244674318
  ],
  [
   63,
   1.7251139324071727
  ],
  [
   64,
   1.6646501938906986
  ],
  [
   65,
   1.6881117195195523
  ],
  [
   66,
   1.7278788055829182
  ],
  [
   67,
   1.7741287535598331
  ],
  [
   68,
   1.7669299022146303
  ],
  [
   69,
   1.7134476424731253
  ],
  [
   70,
   1.687661991453876
  ],
  [
   71,
   1.7052469320699606
  ],
  [
   72,
   1.7501736893647015
  ],
  [
   73,
   1.769409759452743
  ],
  [
   74,
   1.8506493844307812
  ],
  [
   75,
   2.015590401306081
  ],
  [
   76,
   1.9841602846617201
  ],
  [
   77,
   2.23724802627441
  ],
  [
   78,
   2.258482074677971
  ],
  [
   79,
   2.6919265494676217
  ],
  [
   80,
   3.115033931964582
  ],
  [
   81,
   3.5362548834146055
  ],
  [
   82,
   4.133104156370345
  ],
  [
   83,
   4.724014474667844
  ],
  [
   84,
   5.309525049510463
  ],
  [
   85,
   5.715892394359016
  ],
  [
   86,
   6.0544630456922475
  ],
  [
   87,
   6.333868193457404
  ],
  [
   88,
   7.027433767135075
  ],
  [
   89,
   7.431445318150391
  ],
  [
   90,
   8.10914255707033
  ],
  [
   91,
   8.614838619777156
  ],
  [
   92,
   8.97251830431307
  ],
  [
   93,
   9.20775113193416
  ],
  [
   94,
   9.563526669014703
  ],
  [
   95,
   9.607391962176493
  ],
  [
   96,
   9.594348355901136
  ],
  [
   97,
   9.589275008823947
  ],
  [
   98,
   9.62532162945702
  ],
  [
   99,
   9.669162896089913
  ],
  [
   100,
   9.75932790401152
  ],
  [
   101,
   9.85501513862062
  ],
  [
   102,
   9.773969470885135
  ],
  [
   103,
   9.795135163515331
  ],
  [
   104,
   9.813909902603474
  ],
  [
   105,
   9.793051659562853
  ],
  [
   106,
   9.864180979153062
  ],
  [
   107,
   9.593982102688015
  ],
  [
   108,
   9.37981255550904
  ],
  [
   109,
   8.977869170952962
  ],
  [
   110,
   8.628414436952971
  ],
  [
   111,
   8.232735671293346
  ],
  [
   112,
   7.779530757566173
  ],
  [
   113,
   7.61605154041817
  ],
  [
   114,
   7.197406002118984
  ],
  [
   115,
   6.960691868866289
  ],
  [
   116,
   6.7143317232559365
  ],
  [
   117,
   6.506007734788037
  ],
  [
   118,
   6.454208602401848
  ],
  [
   119,
   6.45841273644127
  ],
  [
   120,
   6.295760992740042
  ],
  [
   121,
   6.222749391022109
  ],
  [
   122,
   6.0828408730284
  ],
  [
   123,
   6.027259218383976
  ],
  [
   124,
   5.988644321069922
  ],
  [
   125,
   5.799464998371354
  ],
  [
   126,
   5.691779360431997
  ],
  [
   127,
   5.491186638986289
  ],
  [
   128,
   5.430054051910326
  ],
  [
   129,
   5.370786879400584
  ],
  [
   130,
   5.350211812011301
  ],
  [
   131,
   5.285716267481306
  ],
  [
   132,
   5.256762916175854
  ],
  [
   133,
   5.254077786488287
  ],
  [
   134,
   5.239468211661683
  ],
  [
   135,
   5.26650901169406
  ],
  [
   136,
   5.275579358062451
  ],
  [
   137,
   5.351494518066394
  ],
  [
   138,
   5.302976833108681
  ],
  [
   139,
   5.245496068029838
  ],
  [
   140,
   5.196922258402594
  ],
  [
   141,
   5.165868923074479
  ],
  [
   142,
   5.113082984404691
  ],
  [
   143,
   5.1340457518342255
  ],
  [
   144,
   5.194044314569734
  ],
  [
   145,
   5.0841332127099665
  ],
  [
   146,
   5.023029919159476
  ],
  [
   147,
   4.997594529148357
  ],
  [
   148,
   5.0016093706086835
  ],
  [
   149,
   5.012194456038418
  ],
  [
   150,
   5.016664650971937
  ]
 ],
 "per_point_mean": [
  3.292177410777445,
  13.307473086134257,
  9.132401057104847,
  2.885160626914902,
  12.710874491751236,
  2.4982752286776058,
  2.7403318011684923,
  1.119272622303689,
  18.58334481519166,
  7.269681445156177,
  2.035751138289428,
  9.466054112722379,
  4.887379363244989,
  2.8847874254070054,
  7.2211573093375705,
  11.675148280476805,
  16.04681021743351,
  8.928456209976773,
  3.819391555645472,
  4.1131958831445505,
  1.3504531192701366,
  0.8593050194231258,
  7.061028977646016,
  0.6878159867542901,
  0.8534553583988841,
  1.0067677395540529,
  2.088419854643936,
  0.6603583842702693,
  1.4218614095594768,
  0.7971449902126069,
  1.1257186899942393,
  0.9980404507206867,
  5.214752055720494,
  1.5238773432620902,
  1.234752255914289,
  1.8886480636350365,
  2.0668356543455633,
  0.9387775296789059,
  1.0401163458226952,
  1.6455817754730884,
  1.919598756699021,
  1.107537774393145,
  2.6581598174292584,
  1.12005701685584,
  1.2007484612632973,
  10.824941601581026,
  1.634386962514272,
  0.6336906918611609,
  1.3539315458629386,
  1.5947314096822802,
  0.9395591137664545
 ]
}