{
 "K=4": {
  "graph": [
   1.7704660569911972,
   0.025096506615566228
  ],
  "rigid": [
   4.50686383207729,
   1.2700335830697513
  ],
  "nearest": [
   2.806925760091376,
   0.47574481580666933
  ],
  "tps": [
   NaN,
   NaN
  ]
 },
 "K=8": {
  "graph": [
   1.7793038077603824,
   0.03692867732274292
  ],
  "rigid": [
   3.3148237575072708,
   0.3164046729742568
  ],
  "nearest": [
   2.6140190774157306,
   0.8218105163907823
  ],
  "tps": [
   4.56958892205612,
   1.2041901050217807
  ]
 },
 "K=16": {
  "graph": [
   1.8564950725080196,
   0.0
  ],
  "rigid": [
   3.139731636314305,
   0.0
  ],
  "nearest": [
   1.6106784603036584,
   0.0
  ],
  "tps": [
   2.241682387920834,
   0.0
  ]
 }
}