{
 "summary": {
  "RPE_mean_px": 4.032443667088976,
  "RPE_median_px": 1.7894105499822017,
  "RPE_median_CI95": [
   1.7607176649932264,
   1.8205304888253369
  ],
  "RPE_frame0_px": 1.5165701883563267,
  "n_points": 51,
  "n_frames": 151
 },
 "per_frame": [
  [
   0,
   1.5165701883563267
  ],
  [
   1,
   1.6464481422638457
  ],
  [
   2,
   1.6356464200026903
  ],
  [
   3,
   1.6441845144497051
  ],
  [
   4,
   1.6665583377005913
  ],
  [
   5,
   1.631291279323449
  ],
  [
   6,
   1.624318225803071
  ],
  [
   7,
   1.6798066079732317
  ],
  [
   8,
   1.6608638647227596
  ],
  [
   9,
   1.652886845361856
  ],
  [
   10,
   1.6372485837528439
  ],
  [
   11,
   1.6371401923697397
  ],
  [
   12,
   1.6757039174404418
  ],
  [
   13,
   1.6593035396928228
  ],
  [
   14,
   1.8135187537715596
  ],
  [
   15,
   1.8147610326830923
  ],
  [
   16,
   1.7990327923180376
  ],
  [
   17,
   1.81709038307776
  ],
  [
   18,
   1.77039087338888
  ],
  [
   19,
   1.7232370846883607
  ],
  [
   20,
   1.7250001510578217
  ],
  [
   21,
   1.6955473900345732
  ],
  [
   22,
   1.7176180322936938
  ],
  [
   23,
   1.7099417621111548
  ],
  [
   24,
   1.6972888817223895
  ],
  [
   25,
   1.7388379891753132
  ],
  [
   26,
   1.7730819547180316
  ],
  [
   27,
   1.7451655764029699
  ],
  [
   28,
   1.7258464333094499
  ],
  [
   29,
   1.6450950672528952
  ],
  [
   30,
   1.6297791230634662
  ],
  [
   31,
   1.6605616149380809
  ],
  [
   32,
   1.749645928006551
  ],
  [
   33,
   1.739595438997069
  ],
  [
   34,
   1.7426550417631823
  ],
  [
   35,
   1.8509361403552471
  ],
  [
   36,
   1.8541464881615086
  ],
  [
   37,
   1.661944311855611
  ],
  [
   38,
   1.6871703385770922
  ],
  [
   39,
   1.6504896032061862
  ],
  [
   40,
   1.7449737372943463
  ],
  [
   41,
   1.839484929524091
  ],
  [
   42,
   1.793576133979357
  ],
  [
   43,
   1.8428482491599965
  ],
  [
   44,
   1.764584196556825
  ],
  [
   45,
   1.7542476827259805
  ],
  [
   46,
   1.7720746748354457
  ],
  [
   47,
   1.8270896581608427
  ],
  [
   48,
   1.8478223582901105
  ],
  [
   49,
   1.8114584347034803
  ],
  [
   50,
   1.8273389629375638
  ],
  [
   51,
   1.797708135936161
  ],
  [
   52,
   1.8445455513830427
  ],
  [
   53,
   1.8792811053908829
  ],
  [
   54,
   1.8806185950999361
  ],
  [
   55,
   1.954034464798879
  ],
  [
   56,
   1.9806352763440527
  ],
  [
   57,
   1.880038739309229
  ],
  [
   58,
   1.789317887942673
  ],
  [
   59,
   1.7942442945104426
  ],
  [
   60,
   1.8414739146874635
  ],
  [
   61,
   1.8566268755953024
  ],
  [
   62,
   1.8168892250049458
  ],
  [
   63,
   1.805867571166389
  ],
  [
   64,
   1.7612794662403533
  ],
  [
   65,
   1.8026651208268105
  ],
  [
   66,
   1.8595644573270587
  ],
  [
   67,
   1.8351486140400413
  ],
  [
   68,
   1.8797699440595903
  ],
  [
   69,
   1.809617943989772
  ],
  [
   70,
   1.859525747810905
  ],
  [
   71,
   1.803652997863707
  ],
  [
   72,
   1.8890495403620604
  ],
  [
   73,
   1.9804330701282051
  ],
  [
   74,
   2.0436532544387287
  ],
  [
   75,
   2.231466711976717
  ],
  [
   76,
   2.3842994897460525
  ],
  [
   77,
   2.5128073367075903
  ],
  [
   78,
   2.60871071955582
  ],
  [
   79,
   2.9007726278426778
  ],
  [
   80,
   3.1694061483346183
  ],
  [
   81,
   3.5524503665214837
  ],
  [
   82,
   4.112328567227688
  ],
  [
   83,
   4.520353345503167
  ],
  [
   84,
   5.009951576852526
  ],
  [
   85,
   5.299670900266986
  ],
  [
   86,
   5.567455423601462
  ],
  [
   87,
   5.814506433842364
  ],
  [
   88,
   6.3854281670133295
  ],
  [
   89,
   6.831493182974745
  ],
  [
   90,
   7.508156064483368
  ],
  [
   91,
   7.968889207331058
  ],
  [
   92,
   8.268990329494967
  ],
  [
   93,
   8.599435934466888
  ],
  [
   94,
   8.925249678873925
  ],
  [
   95,
   9.031387041326559
  ],
  [
   96,
   9.003562019136595
  ],
  [
   97,
   9.05976085656526
  ],
  [
   98,
   9.157135961781606
  ],
  [
   99,
   9.217784058115464
  ],
  [
   100,
   9.24988136425598
  ],
  [
   101,
   9.334808581734107
  ],
  [
   102,
   9.220783155252642
  ],
  [
   103,
   9.304972968036049
  ],
  [
   104,
   9.302048398238199
  ],
  [
   105,
   9.189336671801959
  ],
  [
   106,
   9.249929835571766
  ],
  [
   107,
   9.06868946019406
  ],
  [
   108,
   8.954324944839943
  ],
  [
   109,
   8.585259472433288
  ],
  [
   110,
   8.315353530996923
  ],
  [
   111,
   8.089082675567196
  ],
  [
   112,
   7.648429641603448
  ],
  [
   113,
   7.421573929040188
  ],
  [
   114,
   7.060774872932886
  ],
  [
   115,
   6.827673299258792
  ],
  [
   116,
   6.601624597062499
  ],
  [
   117,
   6.420298394504966
  ],
  [
   118,
   6.29278712398735
  ],
  [
   119,
   6.255780228246396
  ],
  [
   120,
   6.10255656015503
  ],
  [
   121,
   6.012239065544171
  ],
  [
   122,
   5.845160849599395
  ],
  [
   123,
   5.77780378095825
  ],
  [
   124,
   5.720210593069998
  ],
  [
   125,
   5.6597037750762444
  ],
  [
   126,
   5.61170576120702
  ],
  [
   127,
   5.494771839386873
  ],
  [
   128,
   5.480021074145751
  ],
  [
   129,
   5.35830647226381
  ],
  [
   130,
   5.357599242811727
  ],
  [
   131,
   5.3623729680027346
  ],
  [
   132,
   5.300608993499784
  ],
  [
   133,
   5.240909609658294
  ],
  [
   134,
   5.276566129396035
  ],
  [
   135,
   5.302489758212422
  ],
  [
   136,
   5.30235299343378
  ],
  [
   137,
   5.340092168362575
  ],
  [
   138,
   5.317382833195488
  ],
  [
   139,
   5.300963910140527
  ],
  [
   140,
   5.25714740774655
  ],
  [
   141,
   5.243978132065404
  ],
  [
   142,
   5.2649405799646996
  ],
  [
   143,
   5.263039655974607
  ],
  [
   144,
   5.267437960717442
  ],
  [
   145,
   5.0981311163862575
  ],
  [
   146,
   5.077392026723639
  ],
  [
   147,
   5.050662302238982
  ],
  [
   148,
   5.068495699060416
  ],
  [
   149,
   5.0988920844991235
  ],
  [
   150,
   5.132982319629935
  ]
 ],
 "per_point_mean": [
  4.098653502995927,
  12.69698886224899,
  8.551933042196612,
  2.761044004850092,
  11.978064672229404,
  2.149385593943135,
  1.49914769169652,
  1.0589541593579876,
  19.6027383801403,
  7.392751952097528,
  2.8073319621836053,
  8.941297308796315,
  7.002453788520123,
  1.9610247158541818,
  6.2188405532562765,
  6.7259366510946315,
  15.150181043551557,
  6.4945365776907655,
  2.6073736630992763,
  2.8156972434310297,
  0.6018419736105314,
  1.0212959680420026,
  8.492414800952368,
  1.778193832125147,
  1.4672539299325782,
  2.151042600385302,
  1.5684472518503694,
  0.9896252930256426,
  4.662621217219105,
  1.901937662475871,
  1.573856943536584,
  1.6707125688524131,
  6.1308872960092105,
  2.1039460615064236,
  3.4612862788884793,
  0.8738069355376524,
  1.2577112443016305,
  1.172184406327814,
  1.4455795398384783,
  3.403106766477367,
  1.7908347408139034,
  1.6337404858734617,
  2.4349442424202166,
  0.7983491236408342,
  1.2068171434658375,
  9.184912227812697,
  1.2754464087855897,
  0.7059829786026539,
  0.8700551454601266,
  1.1765522717462813,
  3.3538683537953955
 ]
}