{
 "K=4": {
  "graph": [
   3.0645101453422408,
   0.19830175618513202
  ],
  "rigid": [
   6.412890764413724,
   0.8352125408795825
  ],
  "nearest": [
   6.04062932671601,
   0.4066687708092272
  ],
  "tps": [
   NaN,
   NaN
  ]
 },
 "K=8": {
  "graph": [
   2.6380110043584444,
   0.0
  ],
  "rigid": [
   5.65254806372374,
   0.0
  ],
  "nearest": [
   4.373417563527179,
   0.0
  ],
  "tps": [
   4.490666534531789,
   0.0
  ]
 },
 "K=16": {
  "graph": [
   3.042945946919133,
   0.0
  ],
  "rigid": [
   5.775821605117642,
   0.0
  ],
  "nearest": [
   4.768279195526053,
   0.0
  ],
  "tps": [
   3.9769223918319776,
   0.0
  ]
 }
}