{
 "summary": {
  "RPE_mean_px": 8.960214967815794,
  "RPE_median_px": 2.7171334918414143,
  "RPE_median_CI95": [
   2.5969359542014616,
   2.8649613355740033
  ],
  "RPE_frame0_px": 1.72069330813659,
  "n_points": 26,
  "n_frames": 151
 },
 "per_frame": [
  [
   0,
   1.72069330813659
  ],
  [
   1,
   1.8451233257641941
  ],
  [
   2,
   1.7956285329747508
  ],
  [
   3,
   1.9216758016614366
  ],
  [
   4,
   2.023375039428501
  ],
  [
   5,
   2.211013737395257
  ],
  [
   6,
   2.132381733627892
  ],
  [
   7,
   2.5401355126810206
  ],
  [
   8,
   2.5516316997105433
  ],
  [
   9,
   2.556476551360049
  ],
  [
   10,
   2.5377201999012775
  ],
  [
   11,
   2.5337921923120295
  ],
  [
   12,
   2.551751040656673
  ],
  [
   13,
   2.615035898674283
  ],
  [
   14,
   2.6815531990564363
  ],
  [
   15,
   2.720484077719549
  ],
  [
   16,
   2.5743490902093074
  ],
  [
   17,
   2.5612331130682757
  ],
  [
   18,
   2.4853010279426746
  ],
  [
   19,
   2.5567692195547336
  ],
  [
   20,
   2.5675468520969464
  ],
  [
   21,
   2.5257141292029224
  ],
  [
   22,
   2.390146115057668
  ],
  [
   23,
   2.461546056864365
  ],
  [
   24,
   2.507413122105046
  ],
  [
   25,
   2.5443578064038395
  ],
  [
   26,
   2.598848560994079
  ],
  [
   27,
   2.5864142877126617
  ],
  [
   28,
   2.497332828062643
  ],
  [
   29,
   2.589288883284896
  ],
  [
   30,
   2.4917930846790366
  ],
  [
   31,
   2.4585908414323634
  ],
  [
   32,
   2.310877113991407
  ],
  [
   33,
   2.264806413094891
  ],
  [
   34,
   2.1191283411759034
  ],
  [
   35,
   2.0884799459206436
  ],
  [
   36,
   1.923138368720794
  ],
  [
   37,
   1.9661561710322801
  ],
  [
   38,
   1.9693546792979357
  ],
  [
   39,
   2.004213632684807
  ],
  [
   40,
   2.0694291065294417
  ],
  [
   41,
   2.1827624772251997
  ],
  [
   42,
   2.173878844622084
  ],
  [
   43,
   2.0891167621386098
  ],
  [
   44,
   2.117660027874382
  ],
  [
   45,
   2.188251370455821
  ],
  [
   46,
   2.2901352009600084
  ],
  [
   47,
   2.302924789306447
  ],
  [
   48,
   2.385089209678046
  ],
  [
   49,
   2.529976271531327
  ],
  [
   50,
   2.49897543832504
  ],
  [
   51,
   2.468261960545431
  ],
  [
   52,
   2.584589347296695
  ],
  [
   53,
   2.6568032580048118
  ],
  [
   54,
   2.798155381283144
  ],
  [
   55,
   2.7092630919327254
  ],
  [
   56,
   2.760988767269632
  ],
  [
   57,
   2.923810737991152
  ],
  [
   58,
   2.9499325720833087
  ],
  [
   59,
   2.8465750241269188
  ],
  [
   60,
   2.7565113694285888
  ],
  [
   61,
   2.7546278418103523
  ],
  [
   62,
   2.649153346306416
  ],
  [
   63,
   2.616855903071747
  ],
  [
   64,
   2.8528729020536727
  ],
  [
   65,
   2.967194512926354
  ],
  [
   66,
   3.0763885608822554
  ],
  [
   67,
   3.265225992596991
  ],
  [
   68,
   3.513522321697441
  ],
  [
   69,
   3.9743806566620568
  ],
  [
   70,
   4.3057183826217065
  ],
  [
   71,
   4.778651599131558
  ],
  [
   72,
   5.393534777025025
  ],
  [
   73,
   6.117854684835051
  ],
  [
   74,
   7.498190497018812
  ],
  [
   75,
   8.325754364007302
  ],
  [
   76,
   9.018827071651456
  ],
  [
   77,
   9.454689635999513
  ],
  [
   78,
   10.219825587972903
  ],
  [
   79,
   11.85192218253254
  ],
  [
   80,
   13.750054844968966
  ],
  [
   81,
   15.433782049340596
  ],
  [
   82,
   18.00402069471646
  ],
  [
   83,
   19.715753148865453
  ],
  [
   84,
   20.60644454644377
  ],
  [
   85,
   18.90265849444103
  ],
  [
   86,
   19.21289867050969
  ],
  [
   87,
   19.196801131594842
  ],
  [
   88,
   19.87170876432622
  ],
  [
   89,
   20.27228016802545
  ],
  [
   90,
   20.40616239775691
  ],
  [
   91,
   20.640511376936548
  ],
  [
   92,
   20.683892011701364
  ],
  [
   93,
   20.69363151970524
  ],
  [
   94,
   20.515826363678773
  ],
  [
   95,
   20.480695635751854
  ],
  [
   96,
   20.358737566647726
  ],
  [
   97,
   20.47475065503473
  ],
  [
   98,
   20.387834928970957
  ],
  [
   99,
   20.426631254094435
  ],
  [
   100,
   20.428775734577798
  ],
  [
   101,
   20.052772578241353
  ],
  [
   102,
   19.503842811903336
  ],
  [
   103,
   19.347378639058128
  ],
  [
   104,
   18.532689737322563
  ],
  [
   105,
   17.821902115618236
  ],
  [
   106,
   17.11833680228021
  ],
  [
   107,
   16.465551499238263
  ],
  [
   108,
   16.022053970344256
  ],
  [
   109,
   16.89523744289365
  ],
  [
   110,
   16.40085085953082
  ],
  [
   111,
   16.047208749645243
  ],
  [
   112,
   15.751617232710373
  ],
  [
   113,
   15.268053820368628
  ],
  [
   114,
   15.173334367903893
  ],
  [
   115,
   15.00467707713963
  ],
  [
   116,
   14.941832203686804
  ],
  [
   117,
   14.657987337452228
  ],
  [
   118,
   14.372096974816433
  ],
  [
   119,
   14.294017191060627
  ],
  [
   120,
   13.901598833878346
  ],
  [
   121,
   13.845397162751693
  ],
  [
   122,
   13.530822115160118
  ],
  [
   123,
   13.301102970901791
  ],
  [
   124,
   13.177681019674992
  ],
  [
   125,
   13.059257390391963
  ],
  [
   126,
   13.008329433481427
  ],
  [
   127,
   12.980097662534465
  ],
  [
   128,
   13.097812346437735
  ],
  [
   129,
   13.18413009153137
  ],
  [
   130,
   13.077091979537729
  ],
  [
   131,
   12.68864670157149
  ],
  [
   132,
   12.382144904559727
  ],
  [
   133,
   12.384985989757878
  ],
  [
   134,
   12.445987902255006
  ],
  [
   135,
   12.363898476640468
  ],
  [
   136,
   12.342358973027551
  ],
  [
   137,
   12.38458416303625
  ],
  [
   138,
   12.570050077019268
  ],
  [
   139,
   12.523708365337672
  ],
  [
   140,
   12.471671420800373
  ],
  [
   141,
   12.398453518615664
  ],
  [
   142,
   12.532625101679702
  ],
  [
   143,
   12.502267566512417
  ],
  [
   144,
   12.446214527646713
  ],
  [
   145,
   12.339139250843576
  ],
  [
   146,
   12.308585425036405
  ],
  [
   147,
   12.522722363183163
  ],
  [
   148,
   12.4965115147579
  ],
  [
   149,
   12.530217540548888
  ],
  [
   150,
   12.621045856837611
  ]
 ],
 "per_point_mean": [
  20.393208573264424,
  17.905130137873346,
  23.140117271366616,
  14.279778597834493,
  18.958154252467832,
  30.23062762809386,
  7.866744182327115,
  16.098075018269345,
  7.0106500839331405,
  6.987698890948385,
  2.2594332698998985,
  1.910818811098169,
  4.561637652976505,
  12.071560762248772,
  21.9050897814152,
  3.9089024604647635,
  3.482637459959416,
  5.401253521233523,
  2.5226684271970705,
  2.7576187595602613,
  3.5490885008563757,
  1.4051243173307058,
  1.2126210080220396,
  1.9954291578282013,
  1.406163791805588,
  0.8100995678795855
 ]
}