{
 "ours_3000": {
  "SSIM": 0.9469924569129944,
  "PSNR": 35.88314437866211,
  "PSNR*": 34.1004524230957,
  "LPIPS": 0.06434771418571472,
  "FLIP": 0.05802737548947334,
  "RMSE": 3.003133600979891
 }
}