{
 "ours_6000": {
  "SSIM": 0.9696304202079773,
  "PSNR": 39.4172477722168,
  "PSNR*": 37.989845275878906,
  "LPIPS": 0.03227270022034645,
  "FLIP": 0.03967754915356636,
  "RMSE": 1.3579902093495773
 }
}