{
 "ours_6000": {
  "SSIM": 0.9577645063400269,
  "PSNR": 37.321022033691406,
  "PSNR*": 35.53832244873047,
  "LPIPS": 0.05093589052557945,
  "FLIP": 0.047579750418663025,
  "RMSE": 2.6457229275782552
 }
}