{
 "K=4": {
  "graph": [
   3.7204511241598963,
   0.13316235324203013
  ],
  "rigid": [
   4.50686383207729,
   1.2700335830697513
  ],
  "nearest": [
   2.806925760091376,
   0.47574481580666933
  ],
  "tps": [
   NaN,
   NaN
  ]
 },
 "K=8": {
  "graph": [
   3.7216628169248622,
   0.1721613257020161
  ],
  "rigid": [
   3.3148237575072708,
   0.3164046729742568
  ],
  "nearest": [
   2.6140190774157306,
   0.8218105163907823
  ],
  "tps": [
   4.56958892205612,
   1.2041901050217807
  ]
 },
 "K=16": {
  "graph": [
   3.772301326277665,
   0.0
  ],
  "rigid": [
   3.139731636314305,
   0.0
  ],
  "nearest": [
   1.6106784603036584,
   0.0
  ],
  "tps": [
   2.241682387920834,
   0.0
  ]
 }
}