{
 "summary": {
  "RPE_mean_px": 5.47678777121094,
  "RPE_median_px": 2.4347026577051585,
  "RPE_median_CI95": [
   2.383783445787279,
   2.480353275823414
  ],
  "RPE_frame0_px": 1.3854999537712185,
  "n_points": 51,
  "n_frames": 151
 },
 "per_frame": [
  [
   0,
   1.3854999537712185
  ],
  [
   1,
   1.5644604636077628
  ],
  [
   2,
   1.5133320711660838
  ],
  [
   3,
   1.5383932374185463
  ],
  [
   4,
   1.5349360355139074
  ],
  [
   5,
   1.5356528491961599
  ],
  [
   6,
   1.5887306758969926
  ],
  [
   7,
   1.5987904392117196
  ],
  [
   8,
   1.5528287532051173
  ],
  [
   9,
   1.5218673337358293
  ],
  [
   10,
   1.5180130895771378
  ],
  [
   11,
   1.4881442086599248
  ],
  [
   12,
   1.548193629780599
  ],
  [
   13,
   1.5601349644001752
  ],
  [
   14,
   1.5871866331638238
  ],
  [
   15,
   1.6068038862608311
  ],
  [
   16,
   1.5998692261204401
  ],
  [
   17,
   1.6229328141711843
  ],
  [
   18,
   1.6217166967752836
  ],
  [
   19,
   1.5804359851392942
  ],
  [
   20,
   1.566971145032239
  ],
  [
   21,
   1.5804343956168012
  ],
  [
   22,
   1.6465476823715408
  ],
  [
   23,
   1.6512772476546798
  ],
  [
   24,
   1.6119982056279105
  ],
  [
   25,
   1.627072447957773
  ],
  [
   26,
   1.649938103062411
  ],
  [
   27,
   1.64313985977176
  ],
  [
   28,
   1.6307236714809512
  ],
  [
   29,
   1.6379354711006613
  ],
  [
   30,
   1.7241834085744134
  ],
  [
   31,
   1.720064876739613
  ],
  [
   32,
   1.7920167640869205
  ],
  [
   33,
   1.7513456709017157
  ],
  [
   34,
   1.8375136502033833
  ],
  [
   35,
   1.8819037748621374
  ],
  [
   36,
   1.8288460160877702
  ],
  [
   37,
   1.703877104309531
  ],
  [
   38,
   1.6899113564249506
  ],
  [
   39,
   1.710517740988787
  ],
  [
   40,
   1.8701862786873802
  ],
  [
   41,
   1.9738810316059678
  ],
  [
   42,
   2.232991691948152
  ],
  [
   43,
   2.3406387466515137
  ],
  [
   44,
   2.337757446447919
  ],
  [
   45,
   2.339694428789238
  ],
  [
   46,
   2.4352062427754224
  ],
  [
   47,
   2.7954629956597294
  ],
  [
   48,
   2.8267663055402203
  ],
  [
   49,
   2.6573567815010364
  ],
  [
   50,
   2.6202637008684166
  ],
  [
   51,
   2.5505551432177795
  ],
  [
   52,
   2.5392193841645887
  ],
  [
   53,
   2.4800038852971724
  ],
  [
   54,
   2.461857224323043
  ],
  [
   55,
   2.465023263180714
  ],
  [
   56,
   2.3998083539270056
  ],
  [
   57,
   2.323446153975251
  ],
  [
   58,
   2.269607811078644
  ],
  [
   59,
   2.319077259208871
  ],
  [
   60,
   2.334716989554411
  ],
  [
   61,
   2.324342257663949
  ],
  [
   62,
   2.2045478638727234
  ],
  [
   63,
   2.2069385536912254
  ],
  [
   64,
   2.207000991458523
  ],
  [
   65,
   2.2118253485002386
  ],
  [
   66,
   2.264330877415672
  ],
  [
   67,
   2.2654959180534417
  ],
  [
   68,
   2.255871392676208
  ],
  [
   69,
   2.230888666828756
  ],
  [
   70,
   2.256927468734622
  ],
  [
   71,
   2.274746971672164
  ],
  [
   72,
   2.378863373549937
  ],
  [
   73,
   2.4121855568555337
  ],
  [
   74,
   2.4635611753686484
  ],
  [
   75,
   2.7864469075887746
  ],
  [
   76,
   3.1508718755578102
  ],
  [
   77,
   3.557103946912723
  ],
  [
   78,
   3.9521466767859623
  ],
  [
   79,
   4.325874503551586
  ],
  [
   80,
   4.652521742802971
  ],
  [
   81,
   5.171583864742445
  ],
  [
   82,
   5.931764262502689
  ],
  [
   83,
   6.716599700848734
  ],
  [
   84,
   7.444589801012857
  ],
  [
   85,
   8.05753606958162
  ],
  [
   86,
   8.629942068326478
  ],
  [
   87,
   9.07627751561128
  ],
  [
   88,
   9.746607336198291
  ],
  [
   89,
   10.318024146502161
  ],
  [
   90,
   11.104821782817794
  ],
  [
   91,
   11.723898963825691
  ],
  [
   92,
   12.216391144009343
  ],
  [
   93,
   12.729330761495376
  ],
  [
   94,
   13.350528101452037
  ],
  [
   95,
   13.637198740646795
  ],
  [
   96,
   13.797731268335504
  ],
  [
   97,
   13.775583470896478
  ],
  [
   98,
   13.808251328342799
  ],
  [
   99,
   13.848301294064632
  ],
  [
   100,
   13.944167000815565
  ],
  [
   101,
   14.025648425487272
  ],
  [
   102,
   14.02194462562351
  ],
  [
   103,
   14.126963666034046
  ],
  [
   104,
   14.156968307115003
  ],
  [
   105,
   14.083792315594316
  ],
  [
   106,
   14.000648650269348
  ],
  [
   107,
   13.442770462160711
  ],
  [
   108,
   12.982181054702053
  ],
  [
   109,
   12.449298382485416
  ],
  [
   110,
   11.924149721233643
  ],
  [
   111,
   11.42893270120863
  ],
  [
   112,
   10.836558898121076
  ],
  [
   113,
   10.439034690905096
  ],
  [
   114,
   9.94004193408147
  ],
  [
   115,
   9.604341864772557
  ],
  [
   116,
   9.239972008734584
  ],
  [
   117,
   8.975939002096512
  ],
  [
   118,
   8.782904018864325
  ],
  [
   119,
   8.793603245227997
  ],
  [
   120,
   8.606842918485828
  ],
  [
   121,
   8.481886668305869
  ],
  [
   122,
   8.283697388557894
  ],
  [
   123,
   8.193320508822492
  ],
  [
   124,
   8.02462895184139
  ],
  [
   125,
   7.8411615410706155
  ],
  [
   126,
   7.714880957636822
  ],
  [
   127,
   7.557863561179625
  ],
  [
   128,
   7.482164214089426
  ],
  [
   129,
   7.373941101977081
  ],
  [
   130,
   7.282939615380515
  ],
  [
   131,
   7.230520063540086
  ],
  [
   132,
   7.091372536498867
  ],
  [
   133,
   7.09427246333214
  ],
  [
   134,
   6.987752125135657
  ],
  [
   135,
   7.011579340528421
  ],
  [
   136,
   7.05047863358711
  ],
  [
   137,
   7.084923281396439
  ],
  [
   138,
   7.011658257760126
  ],
  [
   139,
   6.9905049221405084
  ],
  [
   140,
   6.888345529044708
  ],
  [
   141,
   6.830447524971759
  ],
  [
   142,
   6.7770615602942055
  ],
  [
   143,
   6.743919637867995
  ],
  [
   144,
   6.693445812584396
  ],
  [
   145,
   6.535881507343971
  ],
  [
   146,
   6.520799177548555
  ],
  [
   147,
   6.406537864878589
  ],
  [
   148,
   6.4138590369375
  ],
  [
   149,
   6.361902616413674
  ],
  [
   150,
   6.367865788434618
  ]
 ],
 "per_point_mean": [
  5.985328766004818,
  13.923980129530086,
  11.206510897289876,
  3.8788655534719196,
  13.304093512736411,
  1.7112201493519559,
  3.301177646146607,
  1.9176637411725102,
  18.792561464086305,
  9.669171310703716,
  1.790140389100378,
  11.714408296875872,
  9.047406783530615,
  5.2274224147071,
  7.532900526745149,
  12.868084194878943,
  15.680066292837264,
  11.887488820670022,
  6.204399784030334,
  3.941108903913677,
  1.435693420408616,
  3.0410057312197036,
  9.400185427953614,
  1.6812576223702922,
  3.153758001595767,
  1.577157599311259,
  1.815532339669317,
  2.260858657979671,
  3.748259809795105,
  1.4598943232656556,
  1.9527806380567119,
  4.462165749506794,
  6.8816808679143895,
  4.2851533661374495,
  4.9849314069385136,
  2.1503689619861976,
  4.6653807231972335,
  2.840059062424388,
  2.8822052259705306,
  3.2884692941419362,
  1.8767947062343706,
  3.3838366067788166,
  2.953520531937508,
  1.108411002630206,
  1.4678124163118627,
  17.3100472607107,
  2.620440380643027,
  2.4082791328495428,
  1.408428457944014,
  1.2296997705021497,
  4.38095260916453
 ]
}