{
 "ours_3000": {
  "SSIM": 0.9434162378311157,
  "PSNR": 35.430259704589844,
  "PSNR*": 33.64756393432617,
  "LPIPS": 0.07844018936157227,
  "FLIP": 0.06073274835944176,
  "RMSE": 3.3887083540986827
 }
}