{
 "ours_3000": {
  "SSIM": 0.9636742472648621,
  "PSNR": 38.401424407958984,
  "PSNR*": 36.97401428222656,
  "LPIPS": 0.04338381439447403,
  "FLIP": 0.04289954900741577,
  "RMSE": 1.4401279237612878
 }
}