{
 "ours_6000": {
  "SSIM": 0.9689346551895142,
  "PSNR": 39.30249786376953,
  "PSNR*": 37.87508773803711,
  "LPIPS": 0.03365698829293251,
  "FLIP": 0.04028565064072609,
  "RMSE": 1.4006918193882272
 }
}